x0,y0,z0,x1,y1,z1,x2,y2,z2,x3,y3,z3,x4,y4,z4,x5,y5,z5,x6,y6,z6,x7,y7,z7,x8,y8,z8,x9,y9,z9,x10,y10,z10,x11,y11,z11,x12,y12,z12,x13,y13,z13,x14,y14,z14,x15,y15,z15,x16,y16,z16,x17,y17,z17,x18,y18,z18,x19,y19,z19,x20,y20,z20,letra
0.0,0.0,0.0,0.06413844227790833,-0.025304973125457764,-0.03640411078166039,0.10843861103057861,-0.11719387769699097,-0.04573104187082322,0.11416533589363098,-0.2039928436279297,-0.049385361663809135,0.12771037220954895,-0.25973957777023315,-0.04598479374479325,0.07216194272041321,-0.21727991104125977,-0.015227287366798237,0.06502953171730042,-0.22001081705093384,-0.042306009970417335,0.060648560523986816,-0.15244001150131226,-0.05264361231755288,0.05690896511077881,-0.14792537689208984,-0.057259913824310615,0.024444580078125,-0.22606539726257324,-0.006962404876759365,0.015495508909225464,-0.21333861351013184,-0.03183243825267823,0.01969987154006958,-0.134124755859375,-0.030706683464160278,0.020832538604736328,-0.1460382342338562,-0.02498148783277543,-0.02012774348258972,-0.21595963835716248,-0.005785154003461912,-0.029808372259140015,-0.20201289653778076,-0.03427677630614312,-0.018605917692184448,-0.13272398710250854,-0.021893548138251617,-0.014053165912628174,-0.1430811882019043,-0.008582058653047397,-0.06206074357032776,-0.19680339097976685,-0.0078880789799598,-0.06801894307136536,-0.17927676439285278,-0.02509554132055314,-0.05485019087791443,-0.13143610954284668,-0.016994064964166,-0.04913330078125,-0.13696640729904175,-0.006823201954176739,A
0.0,0.0,0.0,0.05984729528427124,-0.03188711404800415,-0.0416546496492316,0.09977573156356812,-0.12036770582199097,-0.05320111987408893,0.09786003828048706,-0.20887470245361328,-0.058955415610640216,0.10318520665168762,-0.26807475090026855,-0.05670117167052524,0.06431081891059875,-0.208748459815979,-0.011368142899542022,0.043946266174316406,-0.23213911056518555,-0.04382876259502666,0.04279327392578125,-0.16464132070541382,-0.05624393698987262,0.04927024245262146,-0.15664219856262207,-0.059890463475554157,0.020485222339630127,-0.21332702040672302,-4.848521008682383e-05,0.00018483400344848633,-0.22765877842903137,-0.03368294564303653,0.007364898920059204,-0.1485348343849182,-0.03455526334461467,0.01745980978012085,-0.15414303541183472,-0.026307280634014774,-0.020019829273223877,-0.20622533559799194,0.0026690657320926903,-0.040161848068237305,-0.2160242795944214,-0.033007021520703006,-0.02910006046295166,-0.14610356092453003,-0.02049681683298843,-0.016645759344100952,-0.15139752626419067,-0.0030017027095396998,-0.059522420167922974,-0.19245412945747375,0.00178465748443557,-0.07225820422172546,-0.19759801030158997,-0.017629824106066394,-0.06204304099082947,-0.14946091175079346,-0.008855246466069389,-0.051783859729766846,-0.14970898628234863,0.003919847316623759,A
0.0,0.0,0.0,0.06701004505157471,-0.02243340015411377,-0.02738890586002185,0.11904367804527283,-0.10747635364532471,-0.031921939678028366,0.12636741995811462,-0.19387364387512207,-0.03292620343668773,0.13678988814353943,-0.24917995929718018,-0.027076434097722313,0.08104947209358215,-0.1906256079673767,-0.007958709015980503,0.08194521069526672,-0.2272651195526123,-0.03316213352186992,0.07217037677764893,-0.15557092428207397,-0.040832133717373154,0.07058972120285034,-0.14334386587142944,-0.04314678696496799,0.03707745671272278,-0.1992630660533905,-0.002819754169792077,0.03597038984298706,-0.22803860902786255,-0.028036162010863563,0.03253939747810364,-0.1446164846420288,-0.025330658755734703,0.0349755585193634,-0.14433956146240234,-0.01771973048849418,-0.005226403474807739,-0.1953725814819336,-0.0040561475190372676,-0.00889924168586731,-0.21910953521728516,-0.031428670264318725,-0.005241602659225464,-0.144625723361969,-0.0159015820692332,0.00015658140182495117,-0.14342176914215088,9.92598714617543e-05,-0.0484616756439209,-0.18659862875938416,-0.007652211222335836,-0.050974488258361816,-0.19557678699493408,-0.02147990813060119,-0.042811185121536255,-0.14441144466400146,-0.009764635689094803,-0.03701910376548767,-0.14098161458969116,0.002463454859793046,A
0.0,0.0,0.0,0.06756183505058289,-0.028482019901275635,-0.02157910158763343,0.11799967288970947,-0.1181522011756897,-0.02479759594331199,0.12945806980133057,-0.20072335004806519,-0.026408918107847512,0.1469821333885193,-0.2529776096343994,-0.022551435883144677,0.08148768544197083,-0.20014366507530212,-0.0014173629684250955,0.09350979328155518,-0.22920703887939453,-0.024491511191229165,0.08283159136772156,-0.16068100929260254,-0.03221892928610259,0.07542333006858826,-0.1484081745147705,-0.035124413575033486,0.03764146566390991,-0.2072705626487732,-0.0001665137465920452,0.05039992928504944,-0.23338907957077026,-0.023272285143832505,0.04410099983215332,-0.15247565507888794,-0.02200051760206634,0.03713744878768921,-0.14996802806854248,-0.016021607349614442,-0.005551159381866455,-0.20196866989135742,-0.004736693016241134,0.005857944488525391,-0.22405114769935608,-0.032273277546266854,0.007950782775878906,-0.1492200493812561,-0.019025331269006074,0.0029562413692474365,-0.14641070365905762,-0.004518738853732884,-0.05099135637283325,-0.1896960735321045,-0.010856593864957631,-0.03720217943191528,-0.20326584577560425,-0.025767194013099015,-0.028904259204864502,-0.150779128074646,-0.013920806254247964,-0.032398521900177,-0.1447400450706482,-0.0015686102202039365,A
0.0,0.0,0.0,0.06959733366966248,-0.02558833360671997,-0.030023464428666102,0.11993789672851562,-0.11596989631652832,-0.03605872901010798,0.1283257007598877,-0.20785930752754211,-0.038247631358387935,0.1427496373653412,-0.26639577746391296,-0.033841618763688075,0.08428645133972168,-0.197407066822052,-0.009664521979573237,0.0884973406791687,-0.24073851108551025,-0.035966732966187465,0.07763132452964783,-0.16942474246025085,-0.04381315173435496,0.07173597812652588,-0.1565672755241394,-0.0461507974736719,0.03729692101478577,-0.2031092643737793,-0.004643470941516625,0.0419192910194397,-0.2452690601348877,-0.0341387404673128,0.037975430488586426,-0.1585313081741333,-0.03426538916158961,0.03420448303222656,-0.15218544006347656,-0.02706276016164111,-0.007657945156097412,-0.19591030478477478,-0.0057893208772270555,-0.005892157554626465,-0.23357272148132324,-0.039623679088833796,-0.0013167262077331543,-0.1519831418991089,-0.025355936455014216,-0.0018788576126098633,-0.1444341540336609,-0.007602989169242846,-0.05338239669799805,-0.18270719051361084,-0.00885564317781018,-0.04987490177154541,-0.20533490180969238,-0.028555102141979205,-0.03876763582229614,-0.14940756559371948,-0.016724697741153705,-0.036323755979537964,-0.1414850354194641,-0.002637353454190361,A
0.0,0.0,0.0,0.06621953845024109,-0.037042856216430664,-0.03726323247303753,0.10796010494232178,-0.12747091054916382,-0.04549610540618687,0.10512259602546692,-0.22028714418411255,-0.04929583818068295,0.10873988270759583,-0.28219395875930786,-0.045359078053138546,0.07285276055335999,-0.20791122317314148,-0.0042649048415341895,0.054431527853012085,-0.25247451663017273,-0.03613021523108273,0.04899999499320984,-0.18334519863128662,-0.048933758590123944,0.05763274431228638,-0.1638718843460083,-0.05257793441762715,0.028327107429504395,-0.21143195033073425,0.005214258838691421,0.01077231764793396,-0.24929630756378174,-0.02929618880500584,0.012592196464538574,-0.1681385636329651,-0.031148064139983944,0.024562358856201172,-0.16049587726593018,-0.022806349400184445,-0.012894123792648315,-0.2044057548046112,0.006258106135078378,-0.03059414029121399,-0.23596793413162231,-0.030178542438648037,-0.024360239505767822,-0.16308742761611938,-0.016860696676872067,-0.01028856635093689,-0.15694701671600342,0.0022588847635915954,-0.05368658900260925,-0.19042041897773743,0.003947780277826496,-0.0655793845653534,-0.21151286363601685,-0.01618387475957661,-0.05770003795623779,-0.1607832908630371,-0.006251461527995161,-0.04686492681503296,-0.1516532301902771,0.00795856658021421,A
0.0,0.0,0.0,0.06548801064491272,-0.0330929160118103,-0.03642327481998109,0.1089756190776825,-0.1257261037826538,-0.04565883571399354,0.10938534140586853,-0.21599629521369934,-0.049982288425098886,0.11549213528633118,-0.2754673361778259,-0.04674649382127427,0.07048636674880981,-0.20911836624145508,-0.012171611693929663,0.0610126256942749,-0.24713614583015442,-0.041965761726032724,0.054286450147628784,-0.17592495679855347,-0.05178899834049844,0.05658265948295593,-0.16659992933273315,-0.054965814148317804,0.02256527543067932,-0.21199241280555725,-0.004463966042976608,0.014039307832717896,-0.24853366613388062,-0.03715951884282731,0.015272021293640137,-0.16252946853637695,-0.03615423062933587,0.020285338163375854,-0.16198992729187012,-0.02693257251871728,-0.02070680260658264,-0.20376765727996826,-0.0042740307201256655,-0.03186136484146118,-0.2352454960346222,-0.03876460114611291,-0.023461610078811646,-0.15863430500030518,-0.022931251247655382,-0.015090376138687134,-0.15826129913330078,-0.003751654914822211,-0.06264367699623108,-0.1884869933128357,-0.007197445296924343,-0.07088953256607056,-0.20677173137664795,-0.026005763133298387,-0.05941447615623474,-0.15460586547851562,-0.014210479838084211,-0.05122542381286621,-0.15076589584350586,9.073124033420754e-05,A
0.0,0.0,0.0,0.06775593757629395,-0.01824629306793213,-0.02717786076794937,0.12451252341270447,-0.10277003049850464,-0.03217375631760433,0.1395559012889862,-0.18622493743896484,-0.03416572119425609,0.15297317504882812,-0.24053335189819336,-0.029713900567401197,0.09246021509170532,-0.19889849424362183,-0.004551789530921724,0.100958913564682,-0.22899627685546875,-0.029979334951747205,0.08925220370292664,-0.15987282991409302,-0.03928159158061817,0.08342432975769043,-0.14893704652786255,-0.04289284329246357,0.047715961933135986,-0.21147945523262024,-0.0006783846005760097,0.054481297731399536,-0.23824188113212585,-0.026384720386374738,0.04715469479560852,-0.1565895676612854,-0.025556664721477773,0.04342210292816162,-0.15620779991149902,-0.01890548858176544,0.0036628246307373047,-0.2109609842300415,-0.0034425349844582342,0.007653146982192993,-0.2278803586959839,-0.03127617369722202,0.0093001127243042,-0.15428179502487183,-0.018510103033293035,0.008580982685089111,-0.1551463007926941,-0.004254683659780767,-0.04142355918884277,-0.20290550589561462,-0.008560291299033906,-0.036400556564331055,-0.20602130889892578,-0.022924540372002866,-0.028531640768051147,-0.1537739634513855,-0.012539763742495325,-0.026567667722702026,-0.15174102783203125,-0.0012080331038646364,A
0.0,0.0,0.0,0.07000437378883362,-0.02352696657180786,-0.029858861058784214,0.12393784523010254,-0.10970962047576904,-0.03625823737664291,0.13615694642066956,-0.19677633047103882,-0.039164250656796185,0.15325435996055603,-0.2523932456970215,-0.035325596049261776,0.09252235293388367,-0.20093300938606262,-0.008157817587090221,0.09765690565109253,-0.2323337197303772,-0.03403827355785438,0.08287641406059265,-0.16160821914672852,-0.041295705303383556,0.07607319951057434,-0.15173625946044922,-0.043649727418852535,0.04487064480781555,-0.21237173676490784,-0.003989007729870764,0.05106222629547119,-0.2400570511817932,-0.03291366057081291,0.04153728485107422,-0.15355080366134644,-0.032115271255207745,0.03698822855949402,-0.15275180339813232,-0.024521971061659542,-0.000991731882095337,-0.20898255705833435,-0.006369380220604626,0.002684473991394043,-0.22975480556488037,-0.039346290692520824,0.003053218126296997,-0.15084242820739746,-0.02603162632865974,0.0018710792064666748,-0.15028780698776245,-0.009650103688073841,-0.0471968948841095,-0.19818216562271118,-0.010952283568514076,-0.04172903299331665,-0.20584145188331604,-0.030113033890557972,-0.03336247801780701,-0.15165209770202637,-0.019957955866885868,-0.032085686922073364,-0.14982467889785767,-0.007490734975618807,A
0.0,0.0,0.0,0.06894978880882263,-0.02716076374053955,-0.020931289028879974,0.11875325441360474,-0.11761289834976196,-0.023849323820826385,0.13286399841308594,-0.19784405827522278,-0.02560661589777169,0.15177464485168457,-0.2500864863395691,-0.022232037466523025,0.0794035792350769,-0.20736637711524963,-9.157010171634283e-05,0.10054963827133179,-0.2337641716003418,-0.023194987755772445,0.09142136573791504,-0.1658901572227478,-0.030861290600654456,0.07943600416183472,-0.15354830026626587,-0.03363188957845864,0.03707239031791687,-0.2149498462677002,-0.00017783929760639694,0.06007266044616699,-0.24203410744667053,-0.02611177457546887,0.053524553775787354,-0.15940719842910767,-0.02700546054219899,0.03897714614868164,-0.15293508768081665,-0.02135534813677964,-0.005793452262878418,-0.20883971452713013,-0.00583130816048083,0.016081899404525757,-0.22975292801856995,-0.03714640667712388,0.018525779247283936,-0.15076321363449097,-0.025684392508622977,0.006576120853424072,-0.14338988065719604,-0.010757845324036452,-0.05114346742630005,-0.1935032606124878,-0.012653274890539024,-0.027255266904830933,-0.20720255374908447,-0.031226799320933196,-0.01721063256263733,-0.15234428644180298,-0.0201665912387341,-0.02536100149154663,-0.14352375268936157,-0.007229488306251142,A
0.0,0.0,0.0,0.07303228974342346,-0.035184621810913086,-0.024319787876436294,0.12203747034072876,-0.1286792755126953,-0.0277727426902743,0.12550023198127747,-0.21934524178504944,-0.02904142196638304,0.1340605914592743,-0.2783487141132355,-0.024264411436149658,0.08027452230453491,-0.20534557104110718,-0.00482317096901852,0.08175721764564514,-0.2567561864852905,-0.030686253117153228,0.07340800762176514,-0.1841999888420105,-0.0389725765155049,0.06928595900535583,-0.1642666459083557,-0.040919361071416915,0.033737897872924805,-0.20780107378959656,-0.0022036367037685523,0.03649231791496277,-0.2520841360092163,-0.02914183902902323,0.03553619980812073,-0.16696852445602417,-0.028779275150725425,0.0336269736289978,-0.1577688455581665,-0.021903827221819938,-0.01025623083114624,-0.19885826110839844,-0.005449957580992759,-0.008842140436172485,-0.24074208736419678,-0.036893462197610916,-0.002789437770843506,-0.16002660989761353,-0.02196248191756922,-0.0018974244594573975,-0.14816993474960327,-0.004160782223323167,-0.05604851245880127,-0.1833593249320984,-0.01032648272229153,-0.05194774270057678,-0.2130381464958191,-0.028091180504986824,-0.040201425552368164,-0.15724444389343262,-0.014805664675066055,-0.03795287013053894,-0.14338898658752441,0.00020816095349118768,A
0.0,0.0,0.0,0.06645500659942627,-0.04588758945465088,-0.03393649876281302,0.10232865810394287,-0.1440882682800293,-0.04205869704648535,0.09509527683258057,-0.23507621884346008,-0.04606469169422667,0.09719184041023254,-0.2958516478538513,-0.04291052565142195,0.056510746479034424,-0.22646352648735046,-0.007646221278008625,0.045024573802948,-0.2581101655960083,-0.03771769076749365,0.0451185405254364,-0.18774718046188354,-0.0487443488852648,0.04596838355064392,-0.17545831203460693,-0.052535029204335615,0.007479608058929443,-0.22285765409469604,-0.0013437510530991403,-0.0018622279167175293,-0.25185737013816833,-0.03300591752096693,0.007365554571151733,-0.1664750576019287,-0.03320346966549437,0.010501652956008911,-0.16642504930496216,-0.02535722784861605,-0.03642988204956055,-0.20667487382888794,-0.0025721379385856835,-0.047495871782302856,-0.23066800832748413,-0.03752496659919302,-0.03144121170043945,-0.15493625402450562,-0.023139717133489057,-0.024321675300598145,-0.1557256579399109,-0.005076253397163555,-0.07871991395950317,-0.18199539184570312,-0.006608050858375236,-0.0851435661315918,-0.19399702548980713,-0.02677501186892073,-0.0674135684967041,-0.1428138017654419,-0.015853384585824415,-0.059347957372665405,-0.14055007696151733,-0.0019883984529940335,A
0.0,0.0,0.0,0.06372955441474915,-0.04897332191467285,-0.030552926170827277,0.09799107909202576,-0.15139812231063843,-0.034598978865147956,0.0839555561542511,-0.24604618549346924,-0.0356621431887163,0.07488268613815308,-0.3092387914657593,-0.02975907239616049,0.05182984471321106,-0.2271689772605896,0.0022309229940162822,0.03182414174079895,-0.27646028995513916,-0.026130818459392913,0.03086867928504944,-0.20636743307113647,-0.038061565417052634,0.040435075759887695,-0.18205362558364868,-0.04117425407767428,0.006534308195114136,-0.22111496329307556,0.009182563354073636,-0.013462305068969727,-0.26297393441200256,-0.021231081965567,-0.00505480170249939,-0.1804383397102356,-0.023026450234652884,0.007126361131668091,-0.16694706678390503,-0.015050429548324473,-0.03320518136024475,-0.20501145720481873,0.008605885621904008,-0.05493482947349548,-0.24257564544677734,-0.023483046028019317,-0.042645663022994995,-0.16893094778060913,-0.00985287006497515,-0.029643148183822632,-0.1567288637161255,0.008655553054808252,-0.071591317653656,-0.1810474991798401,0.0051212956428514644,-0.08715999126434326,-0.20696043968200684,-0.012139287474752791,-0.07416146993637085,-0.15696769952774048,-0.0009574140307506696,-0.06188783049583435,-0.14377641677856445,0.013700962369142644,A
0.0,0.0,0.0,0.071774423122406,-0.029341161251068115,-0.023945312882716507,0.1275274157524109,-0.11646699905395508,-0.02790126011794314,0.14159169793128967,-0.1995672583580017,-0.02980780222540602,0.15570592880249023,-0.25671494007110596,-0.025952525372559876,0.08685082197189331,-0.21009576320648193,-0.0021847297259967036,0.1073026955127716,-0.24432295560836792,-0.02514946454292044,0.09701213240623474,-0.1754920482635498,-0.03292739943688616,0.08556854724884033,-0.1624775528907776,-0.03562884585088,0.043012648820877075,-0.21774116158485413,-0.00042608257470533317,0.06347015500068665,-0.253934770822525,-0.025939067761356682,0.05790489912033081,-0.17208874225616455,-0.027478776807839722,0.04601290822029114,-0.16401898860931396,-0.02250352122908339,-0.0013180673122406006,-0.21337053179740906,-0.004258493362868876,0.017176151275634766,-0.24727082252502441,-0.03501226932829127,0.02105233073234558,-0.16774624586105347,-0.023313077102358193,0.011448651552200317,-0.15644162893295288,-0.008363585854823441,-0.04960682988166809,-0.20072245597839355,-0.0094688571346353,-0.026366055011749268,-0.2235555350780487,-0.028028692985827774,-0.01627632975578308,-0.16894620656967163,-0.016456007893140168,-0.023219764232635498,-0.15695995092391968,-0.002939628605673761,A
0.0,0.0,0.0,0.06792369484901428,-0.054549992084503174,-0.0038230207547655937,0.10582411289215088,-0.14499223232269287,-0.00699596226067456,0.12892434000968933,-0.21097666025161743,-0.014110426212113225,0.1502944827079773,-0.26486462354660034,-0.01580692341403278,0.05399772524833679,-0.2565285265445709,0.017014208456117785,0.11095190048217773,-0.25296515226364136,-0.010230492594104135,0.10082942247390747,-0.18126970529556274,-0.02405306396858009,0.07319977879524231,-0.1713939905166626,-0.03184267578498634,0.020040512084960938,-0.26163843274116516,0.0044392582230159405,0.08636829257011414,-0.24822565913200378,-0.02363746685759338,0.07760423421859741,-0.1675117015838623,-0.028167572597425306,0.05034253001213074,-0.16694802045822144,-0.02648543825225147,-0.013147741556167603,-0.2469634711742401,-0.013066558892290914,0.05313888192176819,-0.23451149463653564,-0.04490105135218414,0.0485098659992218,-0.1551399827003479,-0.03416710046903404,0.021238744258880615,-0.1516091227531433,-0.021092409992974126,-0.04348158836364746,-0.21849983930587769,-0.03117419851795944,0.015242308378219604,-0.2105892300605774,-0.050280851105611646,0.01682683825492859,-0.15458744764328003,-0.03943339807764801,-0.0068041980266571045,-0.14597904682159424,-0.02702550290004524,A
0.0,0.0,0.0,0.07631447911262512,-0.02804744243621826,-0.026561027613780652,0.132113516330719,-0.11181753873825073,-0.030670821887753164,0.141507089138031,-0.20338934659957886,-0.032235665467879926,0.15121740102767944,-0.26463520526885986,-0.026722768542668973,0.09535974264144897,-0.1986004114151001,-0.000985123205310856,0.10015842318534851,-0.25345638394355774,-0.028039263782403623,0.08623307943344116,-0.181596577167511,-0.03796757593502775,0.08162960410118103,-0.16526997089385986,-0.0410286581491448,0.049077242612838745,-0.20826852321624756,0.003035170736410464,0.053673744201660156,-0.25529393553733826,-0.02437045074751154,0.0456961989402771,-0.1718463897705078,-0.025414133665464078,0.04341927170753479,-0.16959524154663086,-0.019724698958299314,0.003993332386016846,-0.20569026470184326,0.0004815895926810754,0.008789151906967163,-0.25245440006256104,-0.03089043333878294,0.008163243532180786,-0.17272061109542847,-0.01649236701180712,0.007913351058959961,-0.16702485084533691,0.0005858991180218709,-0.043177247047424316,-0.19705891609191895,-0.004114748665443813,-0.035342663526535034,-0.22526633739471436,-0.02160517520954386,-0.029990553855895996,-0.17021554708480835,-0.008980034140250837,-0.030783116817474365,-0.16187644004821777,0.0054137993256233585,A
0.0,0.0,0.0,0.06265413761138916,-0.04194098711013794,-0.03530469453153273,0.10330882668495178,-0.1353611946105957,-0.04503423636970183,0.09796029329299927,-0.22107189893722534,-0.050800084231468645,0.09327501058578491,-0.28086090087890625,-0.049800827262970415,0.05943062901496887,-0.228490948677063,-0.007877432836266962,0.04297921061515808,-0.2612271308898926,-0.03932421198305747,0.04367464780807495,-0.19128549098968506,-0.053349758593412844,0.04788652062416077,-0.17594003677368164,-0.05868007159051558,0.009739130735397339,-0.22727170586585999,-0.0012711643726106558,-0.005589604377746582,-0.2555197477340698,-0.034274528829428164,0.003912508487701416,-0.1714523434638977,-0.03772020628866812,0.008845418691635132,-0.16821855306625366,-0.03177328696665427,-0.03518474102020264,-0.21288859844207764,-0.0021276519187267695,-0.050430893898010254,-0.23414698243141174,-0.03640602817949912,-0.035526156425476074,-0.16227149963378906,-0.02360220356104037,-0.027603238821029663,-0.16247808933258057,-0.006655738318386284,-0.07811233401298523,-0.19062739610671997,-0.006010508259805647,-0.08796858787536621,-0.2067577838897705,-0.024492335600825754,-0.07244342565536499,-0.15725213289260864,-0.012857101021381823,-0.06342118978500366,-0.15266209840774536,0.0014676472851533617,A
0.0,0.0,0.0,0.059510231018066406,-0.03583955764770508,-0.04529320520256874,0.09740516543388367,-0.12601357698440552,-0.0602314218590152,0.09325262904167175,-0.206898033618927,-0.06885901537631867,0.08911648392677307,-0.2641937732696533,-0.07000756707881806,0.055341899394989014,-0.25038206577301025,-0.016704109282244417,0.03824630379676819,-0.2385009527206421,-0.049477738113154146,0.0368407666683197,-0.17453688383102417,-0.06439103630279419,0.03510129451751709,-0.17392349243164062,-0.07125207480882523,0.00397077202796936,-0.2561948299407959,-0.006496694655169222,-0.013034313917160034,-0.22948706150054932,-0.03879560229276535,-0.0032948851585388184,-0.1526748538017273,-0.04155080464576599,-0.0005665421485900879,-0.16710591316223145,-0.03635188263749001,-0.04215303063392639,-0.23877254128456116,-0.0047225195625912875,-0.05900111794471741,-0.21166306734085083,-0.04004408863281128,-0.04263508319854736,-0.1435893177986145,-0.029020677105535242,-0.03548151254653931,-0.15701323747634888,-0.014438596338976595,-0.08404606580734253,-0.20916765928268433,-0.007237134286214086,-0.09539967775344849,-0.1857846975326538,-0.029297874093998644,-0.07824361324310303,-0.1386135220527649,-0.022450932086456987,-0.0691593587398529,-0.1472150683403015,-0.011491047003318045,A
0.0,0.0,0.0,0.07944914698600769,-0.027661383152008057,-0.008491186691884423,0.1472298800945282,-0.06669086217880249,-0.02290979520088854,0.2006983757019043,-0.08843076229095459,-0.04171135955161276,0.24811214208602905,-0.10857522487640381,-0.060851968160335446,0.11764389276504517,-0.21187865734100342,-0.004203608060691977,0.16318440437316895,-0.2827693223953247,-0.03120202504700842,0.20330852270126343,-0.29117751121520996,-0.05408558555549803,0.23665261268615723,-0.2853306531906128,-0.06891611897057714,0.09246975183486938,-0.22307169437408447,-0.01859780334538641,0.1441689133644104,-0.31095999479293823,-0.046289905241195584,0.19275659322738647,-0.3121523857116699,-0.06810091369456472,0.22937625646591187,-0.2938622236251831,-0.081202469101612,0.06438720226287842,-0.21851080656051636,-0.03631143577999296,0.11461582779884338,-0.3096991777420044,-0.062203753075067425,0.16434016823768616,-0.314780592918396,-0.07540552251643362,0.20472395420074463,-0.3016027808189392,-0.08175597273415747,0.0354057252407074,-0.19705909490585327,-0.055219202569190884,0.07609748840332031,-0.25881171226501465,-0.07527296178645315,0.116793692111969,-0.2865196168422699,-0.08368256621665182,0.15334194898605347,-0.300118088722229,-0.08790279113358679,C
0.0,0.0,0.0,0.08212557435035706,-0.019674479961395264,-0.005832519204005848,0.15164852142333984,-0.05426079034805298,-0.014373448499128472,0.205644428730011,-0.07380008697509766,-0.027735452920779835,0.25119203329086304,-0.09390729665756226,-0.041114676565513264,0.12381291389465332,-0.1983809471130371,0.009612826808705677,0.17151173949241638,-0.26809361577033997,-0.012978372917160641,0.21037912368774414,-0.27976348996162415,-0.0332129521375748,0.24357253313064575,-0.27690988779067993,-0.04607894626317943,0.10215413570404053,-0.21202051639556885,-0.0043835354117902625,0.15520602464675903,-0.2933245301246643,-0.027390625149593006,0.20180225372314453,-0.300687313079834,-0.047144412816152226,0.23886048793792725,-0.288308322429657,-0.05909111705480541,0.07604929804801941,-0.21444469690322876,-0.022548645556554447,0.1287495493888855,-0.3002866506576538,-0.04558615741191829,0.1760084629058838,-0.3101745843887329,-0.05762624350248302,0.21522223949432373,-0.30138906836509705,-0.06310915556608165,0.047363102436065674,-0.2044423222541809,-0.042040105730876576,0.08921152353286743,-0.26620182394981384,-0.05982358735857929,0.12715142965316772,-0.2982606589794159,-0.06681253370700801,0.16198235750198364,-0.3167657256126404,-0.07015237566886867,C
0.0,0.0,0.0,0.08862081170082092,-0.03498995304107666,0.01233918435485748,0.15709581971168518,-0.07541531324386597,0.004033595617727315,0.20995596051216125,-0.09531688690185547,-0.013003285680099452,0.2607053816318512,-0.11295086145401001,-0.030208962675317252,0.11269795894622803,-0.23402553796768188,0.017839082810894524,0.17867550253868103,-0.2881900668144226,-0.0009317853806010135,0.22696074843406677,-0.28958624601364136,-0.018933073323353256,0.2633571922779083,-0.2751121520996094,-0.031259097796066726,0.08916428685188293,-0.245292067527771,-0.006648430306597675,0.16604682803153992,-0.3174557089805603,-0.025454385843261207,0.22133520245552063,-0.31330132484436035,-0.04131019179163786,0.2590685188770294,-0.28519201278686523,-0.05130538408099028,0.07037612795829773,-0.2368801236152649,-0.03292202268181654,0.14911416172981262,-0.30955421924591064,-0.04945571039257857,0.20480456948280334,-0.3086104989051819,-0.05616334889469954,0.24515554308891296,-0.28814977407455444,-0.05995786998806807,0.06000223755836487,-0.20940619707107544,-0.05930195439992758,0.12626132369041443,-0.2582569718360901,-0.07261343364058348,0.1742149293422699,-0.27510759234428406,-0.07524601433811995,0.21324411034584045,-0.27859506011009216,-0.07572525058327528,C
0.0,0.0,0.0,0.10020455718040466,-0.02618229389190674,0.022118047110581074,0.16340678930282593,-0.07132071256637573,0.018984826512479458,0.21050378680229187,-0.08764392137527466,0.00625775079041091,0.25190186500549316,-0.09222835302352905,-0.006217818476415005,0.10384979844093323,-0.24637973308563232,0.018376754827642117,0.1938878297805786,-0.28533050417900085,-0.0005101371809530519,0.2498360276222229,-0.2734037935733795,-0.01874379790589842,0.2910888195037842,-0.2498493492603302,-0.03102525114283594,0.09473225474357605,-0.24214467406272888,-0.009356714554286327,0.20728692412376404,-0.2889193594455719,-0.030996808551407184,0.26521313190460205,-0.27020829916000366,-0.04774506553278002,0.3013695478439331,-0.23291605710983276,-0.05660491972432169,0.09464198350906372,-0.21620362997055054,-0.0367929318474296,0.19864341616630554,-0.26125359535217285,-0.04999683960542711,0.25961410999298096,-0.2516123950481415,-0.05615073233113321,0.2990202307701111,-0.22621530294418335,-0.05932592018709215,0.10577717423439026,-0.17060792446136475,-0.06367639987931284,0.18208065629005432,-0.2087346911430359,-0.06934000342354807,0.23022302985191345,-0.2219834327697754,-0.06895891367659601,0.2676517963409424,-0.22260040044784546,-0.06826593517527613,C
0.0,0.0,0.0,0.09075865149497986,-0.024607539176940918,0.010556372311754103,0.1602228879928589,-0.056851208209991455,0.006178012081278439,0.2135559618473053,-0.07371878623962402,-0.007488847280995969,0.26135122776031494,-0.09133678674697876,-0.021620136256473188,0.13410070538520813,-0.20838087797164917,0.030614321549279566,0.1903250813484192,-0.27410078048706055,0.012193485592348452,0.23466485738754272,-0.28041887283325195,-0.007505189198212747,0.2692437767982483,-0.26890870928764343,-0.020553598682539587,0.11380445957183838,-0.2211625576019287,0.007425551731927271,0.17882201075553894,-0.3015952408313751,-0.011841265986817007,0.23046541213989258,-0.2986460328102112,-0.03219067169274581,0.26718658208847046,-0.26983457803726196,-0.04514258963908446,0.0913010835647583,-0.22265756130218506,-0.019061467181103353,0.15826743841171265,-0.3025635778903961,-0.03652723370041144,0.2114112377166748,-0.30127328634262085,-0.048280003051417,0.25211191177368164,-0.2775924503803253,-0.05511624975051177,0.06992584466934204,-0.2101736068725586,-0.04606253890241874,0.12457078695297241,-0.26539966464042664,-0.05980192733849776,0.16887706518173218,-0.282520055770874,-0.06529492376293433,0.20683884620666504,-0.28335675597190857,-0.06808727471079123,C
0.0,0.0,0.0,0.09354695677757263,-0.02363872528076172,0.01531584900894245,0.16408827900886536,-0.0536731481552124,0.011286679330254401,0.21609428524971008,-0.06940430402755737,-0.003022826601778661,0.2630961835384369,-0.08762514591217041,-0.01764878942540804,0.1329236626625061,-0.21743243932724,0.0338224066896089,0.1894422173500061,-0.28249263763427734,0.016590148816788997,0.2354283630847931,-0.28363779187202454,-0.0024647138538114177,0.270315021276474,-0.2656492590904236,-0.015390869555091058,0.11141017079353333,-0.2291719913482666,0.007271050150478686,0.1807469129562378,-0.304562509059906,-0.011395883140181695,0.23463454842567444,-0.2952820360660553,-0.031080411140834485,0.2710299789905548,-0.26077669858932495,-0.043525527556454335,0.09012514352798462,-0.22729676961898804,-0.02213468155733267,0.16454797983169556,-0.29811906814575195,-0.03839045329860369,0.21914836764335632,-0.29157960414886475,-0.04802533923557917,0.2587192952632904,-0.26472756266593933,-0.05375659032634417,0.07280069589614868,-0.20814979076385498,-0.05186741738489786,0.13313999772071838,-0.2545652985572815,-0.0644667254286162,0.1777237057685852,-0.26929357647895813,-0.06828146739772478,0.21437278389930725,-0.26993632316589355,-0.0699860335784308,C
0.0,0.0,0.0,0.08567917346954346,-0.01236581802368164,0.005037254405095837,0.15517672896385193,-0.03536039590835571,0.001296619053817949,0.2075219452381134,-0.04360443353652954,-0.010087602554932573,0.25466814637184143,-0.05751824378967285,-0.021696310273483732,0.1365322768688202,-0.19935613870620728,0.03260489202372696,0.18517330288887024,-0.26928022503852844,0.017120499380752108,0.22477462887763977,-0.2823231518268585,-0.0013884109371531395,0.2591414749622345,-0.27863362431526184,-0.01380878106422756,0.11744186282157898,-0.21337658166885376,0.013338907838686964,0.17246609926223755,-0.2951725721359253,-0.0017185869087654737,0.21927091479301453,-0.30482929944992065,-0.021206151477173307,0.25636008381843567,-0.2886790633201599,-0.03428503476746414,0.0943554937839508,-0.21755170822143555,-0.010057229331806639,0.15014880895614624,-0.30218759179115295,-0.02554504179127548,0.19832047820091248,-0.31503111124038696,-0.03831594043143127,0.23834523558616638,-0.30489015579223633,-0.0459869241035733,0.07085180282592773,-0.20830529928207397,-0.03442434572346542,0.11734303832054138,-0.26849111914634705,-0.04717950873740051,0.1556764841079712,-0.2945457100868225,-0.052605837366655805,0.19025295972824097,-0.30407631397247314,-0.05541002356179092,C
0.0,0.0,0.0,0.10105618834495544,-0.025197982788085938,0.021094925403502884,0.16775983572006226,-0.06480783224105835,0.01478765502562851,0.21799057722091675,-0.07978999614715576,-0.0017000570149150462,0.2642810642719269,-0.08930385112762451,-0.019245904237124023,0.11741626262664795,-0.24281591176986694,0.013556811660436097,0.18909421563148499,-0.3004922866821289,-0.008105533495637474,0.2414727509021759,-0.2966272830963135,-0.02740510024139553,0.28133371472358704,-0.2771502137184143,-0.040663063824268875,0.09780153632164001,-0.24326008558273315,-0.01698363974699646,0.19197556376457214,-0.3155565857887268,-0.04105866357693344,0.2517347037792206,-0.30412232875823975,-0.05932875752458244,0.2897232472896576,-0.27039316296577454,-0.06995543867358833,0.08637791872024536,-0.22174972295761108,-0.047680288851353225,0.17644283175468445,-0.28894180059432983,-0.06570164144048363,0.2372719943523407,-0.2870332896709442,-0.07401089400062233,0.27858105301856995,-0.2677516043186188,-0.07897707104692131,0.08517202734947205,-0.17879927158355713,-0.07763161540040642,0.15353810787200928,-0.2298690676689148,-0.08928822010764748,0.20110654830932617,-0.2515663504600525,-0.0920211750269857,0.2389855682849884,-0.25921085476875305,-0.09360770910987526,C
0.0,0.0,0.0,0.09514135122299194,-0.023447811603546143,0.01978556254110231,0.16317975521087646,-0.061217546463012695,0.014381716038798231,0.21362265944480896,-0.07687461376190186,-0.0008509619983385619,0.2625923156738281,-0.0863199234008789,-0.016116593022132975,0.11865240335464478,-0.24251818656921387,0.020149452622746367,0.1889113485813141,-0.3048044741153717,0.0014447742251206819,0.24037081003189087,-0.30083876848220825,-0.01628999783494578,0.2775549292564392,-0.278895765542984,-0.027890903864289385,0.09855157136917114,-0.24707090854644775,-0.007437707845355135,0.1874299943447113,-0.321618914604187,-0.027161817986751657,0.24492812156677246,-0.31027084589004517,-0.04244275762536631,0.28063148260116577,-0.2744583487510681,-0.051094967860962015,0.08673584461212158,-0.23062020540237427,-0.035706888873363596,0.17565152049064636,-0.29914748668670654,-0.04958803578116999,0.23366111516952515,-0.2952108681201935,-0.054818697262788874,0.272732675075531,-0.27182087302207947,-0.05789333208301173,0.08569583296775818,-0.19371312856674194,-0.0636711567530881,0.15424835681915283,-0.24106252193450928,-0.07162968068220721,0.19998964667320251,-0.2594375014305115,-0.07117360829212771,0.23608970642089844,-0.26363781094551086,-0.07022850959398852,C
0.0,0.0,0.0,0.08043268322944641,-0.009300529956817627,-0.014656619551004724,0.1531793177127838,-0.03005695343017578,-0.029610174158932523,0.20695006847381592,-0.04196065664291382,-0.047313200692059354,0.2525874376296997,-0.06024092435836792,-0.06526030452025111,0.13905832171440125,-0.1959775686264038,-0.008153905542911843,0.18124914169311523,-0.27770358324050903,-0.03647363410365756,0.2180587649345398,-0.2854997515678406,-0.060125517109753446,0.2499603033065796,-0.27680593729019165,-0.07473889590275462,0.11228698492050171,-0.20864272117614746,-0.018808475146414594,0.16038984060287476,-0.29759836196899414,-0.04778639824164088,0.20464956760406494,-0.29873064160346985,-0.07142249346745189,0.2384936809539795,-0.2779374122619629,-0.08561260850203212,0.08002316951751709,-0.20981377363204956,-0.033194965133787946,0.12926501035690308,-0.2959003150463104,-0.05977196098339732,0.17367863655090332,-0.2997294068336487,-0.07410379351151164,0.2104020118713379,-0.2846711277961731,-0.08102821410668071,0.04233348369598389,-0.19833838939666748,-0.04937969000113185,0.07986441254615784,-0.25883156061172485,-0.07066947073710139,0.11690139770507812,-0.2874792218208313,-0.07991364450228389,0.1517481505870819,-0.3030606210231781,-0.0844864085413235,C
0.0,0.0,0.0,0.08460405468940735,-0.014284253120422363,0.0070595140189766425,0.15501746535301208,-0.04470324516296387,-0.00172156623165165,0.2071390450000763,-0.05640137195587158,-0.017528864592975424,0.25089743733406067,-0.06878906488418579,-0.03281026244229679,0.11640128493309021,-0.2132784128189087,0.011160725689762785,0.18139633536338806,-0.27356523275375366,-0.010299966708487318,0.23225519061088562,-0.26918622851371765,-0.029263838232225226,0.26907113194465637,-0.24868547916412354,-0.040892305821842,0.09603700041770935,-0.22091448307037354,-0.009840305932527826,0.1785300076007843,-0.291848361492157,-0.03143786922163372,0.2361767590045929,-0.2764242887496948,-0.049199323207801626,0.27188292145729065,-0.24037164449691772,-0.059029380828803824,0.08134028315544128,-0.20977246761322021,-0.03269599661297207,0.16391998529434204,-0.27556902170181274,-0.04983102440900211,0.22206124663352966,-0.2662622332572937,-0.05868677705592518,0.2609609067440033,-0.24055057764053345,-0.06287219658560161,0.07304638624191284,-0.17922449111938477,-0.05595496580070858,0.13581082224845886,-0.2246808409690857,-0.06679129883713131,0.18072634935379028,-0.23985779285430908,-0.06921659693188076,0.2153015434741974,-0.24183547496795654,-0.06961550101704006,C
0.0,0.0,0.0,0.09736767411231995,-0.020079195499420166,0.019455043716959608,0.16417282819747925,-0.05670952796936035,0.014958207613460672,0.21396705508232117,-0.0697098970413208,0.0014134872487261418,0.2532118558883667,-0.07649654150009155,-0.012108664841719019,0.11466610431671143,-0.228888601064682,0.01609870989494766,0.19285237789154053,-0.27027222514152527,-0.005219397017128813,0.2465057373046875,-0.25461363792419434,-0.02623956452436005,0.28745222091674805,-0.22406262159347534,-0.04038774769134079,0.09951615333557129,-0.22816044092178345,-0.010624233515329706,0.2054632306098938,-0.2822176218032837,-0.0362329835755304,0.2568332552909851,-0.25591379404067993,-0.056263344244428026,0.28656071424484253,-0.21329647302627563,-0.06704390595979248,0.09157490730285645,-0.20938590168952942,-0.0372013057333902,0.18773433566093445,-0.25356054306030273,-0.053096691028542864,0.24400794506072998,-0.23929154872894287,-0.061868915216393816,0.2789626121520996,-0.20594090223312378,-0.06666499178237473,0.09416401386260986,-0.1679600477218628,-0.06342516641444718,0.1679496467113495,-0.20325905084609985,-0.07056154857701813,0.21651330590248108,-0.21150895953178406,-0.07222768466300522,0.2535269260406494,-0.20499366521835327,-0.07337493996448075,C
0.0,0.0,0.0,0.09509411454200745,-0.017159342765808105,0.028809076707858594,0.160770446062088,-0.03982609510421753,0.02882812597979978,0.20911216735839844,-0.047563254833221436,0.016059175666470082,0.25617408752441406,-0.05775493383407593,0.001973981803331526,0.12883952260017395,-0.20944088697433472,0.040520171236295255,0.19416719675064087,-0.2645185887813568,0.027526010360617192,0.24099087715148926,-0.2547670602798462,0.012137071762282403,0.2735445499420166,-0.22923126816749573,0.001559005186010154,0.11021795868873596,-0.21989575028419495,0.007868607129950078,0.1909482479095459,-0.2813185453414917,-0.0069906203336529416,0.24427855014801025,-0.26413798332214355,-0.023451350096564738,0.2738903760910034,-0.22437039017677307,-0.03366666420171782,0.09507355093955994,-0.2129373848438263,-0.025905211854677646,0.1782120168209076,-0.27386486530303955,-0.037551445353727786,0.23203182220458984,-0.2608185112476349,-0.04324945940444991,0.2655376195907593,-0.22997161746025085,-0.046628536123733966,0.0867847204208374,-0.18682700395584106,-0.05890485777328536,0.1518489122390747,-0.23171848058700562,-0.06883979721735045,0.19736677408218384,-0.24554884433746338,-0.07047686858842894,0.23285621404647827,-0.24492791295051575,-0.07041300221155211,C
0.0,0.0,0.0,0.09656834602355957,-0.0217665433883667,0.024688458979426287,0.158229798078537,-0.059501826763153076,0.022321731761394403,0.20413193106651306,-0.07242369651794434,0.00961654537945833,0.24658548831939697,-0.07750266790390015,-0.0032636297621593258,0.10943102836608887,-0.22316980361938477,0.01921033018857088,0.18953987956047058,-0.2660895586013794,0.0002827223868280271,0.240425705909729,-0.2477971613407135,-0.01686212702065859,0.27533507347106934,-0.22028833627700806,-0.028115029468835928,0.09737062454223633,-0.2217535674571991,-0.009373141474725344,0.1992480754852295,-0.269613116979599,-0.030015944525302984,0.2518482208251953,-0.24673998355865479,-0.04402715435594473,0.28142958879470825,-0.20877039432525635,-0.05163390657276068,0.09364789724349976,-0.20126670598983765,-0.03791731318801794,0.19255855679512024,-0.24305307865142822,-0.050999251216353514,0.24733299016952515,-0.22864395380020142,-0.05500161743134413,0.2801893949508667,-0.20014411211013794,-0.05706852769822035,0.10040536522865295,-0.1628163456916809,-0.06574184170335684,0.17385023832321167,-0.19533967971801758,-0.07309487929910574,0.22032570838928223,-0.20547503232955933,-0.07349600365728293,0.25547438859939575,-0.2040177583694458,-0.07325707098812018,C
0.0,0.0,0.0,0.07625406980514526,-0.009074509143829346,-0.012271753800860097,0.14268261194229126,-0.028691232204437256,-0.024068443393161942,0.19180721044540405,-0.043028831481933594,-0.03930018871074026,0.23481851816177368,-0.061391353607177734,-0.05405231594090765,0.13159820437431335,-0.17847484350204468,0.0038335332089900476,0.1743108630180359,-0.2544935941696167,-0.02137410855834787,0.21144592761993408,-0.25544846057891846,-0.04439879237656896,0.2409534454345703,-0.23931998014450073,-0.05810299172048872,0.11069577932357788,-0.19232642650604248,-0.006388562088659455,0.16038444638252258,-0.2719075679779053,-0.03155330224876707,0.2026900053024292,-0.26579198241233826,-0.05363278119807546,0.23372644186019897,-0.2386431097984314,-0.06629126547818487,0.08498600125312805,-0.19736266136169434,-0.02094402751868074,0.13504168391227722,-0.27223461866378784,-0.04316312848573034,0.17901921272277832,-0.27208346128463745,-0.055888485451987435,0.21473675966262817,-0.25122731924057007,-0.06148462026362722,0.05428171157836914,-0.19210416078567505,-0.03759035496955221,0.09271740913391113,-0.24779430031776428,-0.054231599261811425,0.12824121117591858,-0.27035605907440186,-0.060609001954844643,0.16008278727531433,-0.27713459730148315,-0.06293991981988256,C
0.0,0.0,0.0,0.08209499716758728,-0.02830636501312256,0.001632373214420113,0.14561161398887634,-0.06526046991348267,-0.01220720341177639,0.19656622409820557,-0.08151066303253174,-0.03118683663876709,0.240446537733078,-0.09489202499389648,-0.05053136950107273,0.09730690717697144,-0.2171154022216797,-0.010757455469388333,0.15295058488845825,-0.27400508522987366,-0.03868452539416012,0.1993931233882904,-0.27093827724456787,-0.06021982883783039,0.23544278740882874,-0.25321072340011597,-0.07439030414195713,0.07193729281425476,-0.21852177381515503,-0.030323224940616456,0.14221951365470886,-0.2918160557746887,-0.058850475454050866,0.19626179337501526,-0.2810361683368683,-0.07792938207956013,0.23424223065376282,-0.2547481656074524,-0.0897177205023354,0.052310675382614136,-0.19939464330673218,-0.05130460193129238,0.12077173590660095,-0.2677590847015381,-0.07687032675119099,0.1759091317653656,-0.26479753851890564,-0.08889811938377079,0.21650388836860657,-0.2482014000415802,-0.09530348783107456,0.0383678674697876,-0.16091841459274292,-0.07220892315478977,0.0906221866607666,-0.2079196572303772,-0.09184980099769291,0.13337603211402893,-0.2286076843738556,-0.1001665786442345,0.16893652081489563,-0.23755976557731628,-0.10492913877340015,C
0.0,0.0,0.0,0.09540003538131714,-0.014507710933685303,0.013574480342441575,0.1633809506893158,-0.047593772411346436,0.005320265686833636,0.21548765897750854,-0.05704087018966675,-0.010692532842284663,0.25965219736099243,-0.06260263919830322,-0.026778468598848804,0.12339770793914795,-0.21480274200439453,0.0041958156812427205,0.1989784836769104,-0.2514113783836365,-0.019473038350469096,0.24800652265548706,-0.2301940619945526,-0.04037125009787701,0.28389424085617065,-0.1987740397453308,-0.0543165949333968,0.10581415891647339,-0.2146274447441101,-0.020186107342368587,0.20412462949752808,-0.2607620060443878,-0.04521175447595738,0.2554101347923279,-0.23364758491516113,-0.06336038905871533,0.28676164150238037,-0.19376140832901,-0.07395574796689175,0.09401863813400269,-0.19405680894851685,-0.0447476391841235,0.1869262158870697,-0.2314985990524292,-0.06186495695007466,0.24204403162002563,-0.2134801149368286,-0.07019059706223629,0.27713555097579956,-0.18252074718475342,-0.07522467870009564,0.09002017974853516,-0.15269356966018677,-0.06920878190291546,0.1613699495792389,-0.1818336844444275,-0.07841848928225659,0.2083512842655182,-0.1885935664176941,-0.08085204262030743,0.2447383999824524,-0.18440747261047363,-0.08264609027398251,C
0.0,0.0,0.0,0.09587284922599792,-0.03054940700531006,0.023683689155916454,0.16071012616157532,-0.07574433088302612,0.022822681435684444,0.21088549494743347,-0.09509408473968506,0.011221757711211922,0.2559407949447632,-0.10941129922866821,-0.0005120984573636633,0.10065791010856628,-0.24195721745491028,0.030774857470134975,0.16885808110237122,-0.29774922132492065,0.014774774753789188,0.2210264503955841,-0.2905569076538086,-0.0031205899144310933,0.258520245552063,-0.26894664764404297,-0.015485890588422535,0.08478379249572754,-0.24388432502746582,0.0025060356998096722,0.17260658740997314,-0.3105739951133728,-0.014825968450566052,0.2287517488002777,-0.2970566153526306,-0.030996492511292217,0.263242244720459,-0.2630305886268616,-0.04101366960134101,0.07790529727935791,-0.2271265983581543,-0.02664000206317496,0.16560876369476318,-0.2895168662071228,-0.03826325052108359,0.22257721424102783,-0.28331470489501953,-0.0439034108134706,0.2597876787185669,-0.25758692622184753,-0.047594838223119496,0.08222904801368713,-0.19007790088653564,-0.05547938906278205,0.15419325232505798,-0.23393476009368896,-0.06208624728645873,0.2023712694644928,-0.250266432762146,-0.06270614304270339,0.2393420934677124,-0.2523980140686035,-0.0629970137092073,C
0.0,0.0,0.0,0.0416087806224823,-0.09441989660263062,-0.03024563391920765,0.046516984701156616,-0.19586992263793945,-0.04562374775525768,-0.01415175199508667,-0.23598641157150269,-0.06092945312377651,-0.07189670205116272,-0.21697890758514404,-0.07093712886091907,-0.04193231463432312,-0.26291388273239136,-0.010685484048394756,-0.05883902311325073,-0.3271782696247101,-0.04150031333085735,-0.038783907890319824,-0.27089110016822815,-0.05799146195170124,-0.02433958649635315,-0.22553110122680664,-0.062150197226969794,-0.08485859632492065,-0.232718825340271,-0.010167203966943816,-0.10173043608665466,-0.2879343628883362,-0.0491925646853133,-0.06174498796463013,-0.22265970706939697,-0.06588759471890171,-0.038609594106674194,-0.17457890510559082,-0.06627938349959095,-0.1210206151008606,-0.1957675814628601,-0.015497549560336665,-0.14160770177841187,-0.24874985218048096,-0.05315575574752529,-0.09247097373008728,-0.19681954383850098,-0.0600478631746455,-0.0599493682384491,-0.1479906439781189,-0.05227922101732929,-0.1541031301021576,-0.15011239051818848,-0.022848528001873092,-0.2113318145275116,-0.20717787742614746,-0.04008364503499706,-0.244129940867424,-0.2463511824607849,-0.04548954044696529,-0.27559375762939453,-0.2845996618270874,-0.04495469306823452,J
0.0,0.0,0.0,0.04644772410392761,-0.0794171690940857,-0.024728676369875302,0.06562384963035583,-0.17261087894439697,-0.038267185977190366,0.025267452001571655,-0.21354365348815918,-0.05272603600332104,-0.02746659517288208,-0.19933652877807617,-0.06244857057043873,-0.027549147605895996,-0.2639266550540924,-0.012490148721724381,-0.030522257089614868,-0.3240489959716797,-0.04465830518910252,-0.008969396352767944,-0.2610172927379608,-0.05997154681989514,0.0018354356288909912,-0.21586692333221436,-0.06274202286311947,-0.06833323836326599,-0.23570406436920166,-0.01561664237686955,-0.07221594452857971,-0.2884034514427185,-0.0560927559346851,-0.033793091773986816,-0.21880990266799927,-0.07104246883699261,-0.014734834432601929,-0.17120450735092163,-0.070179281821936,-0.10468843579292297,-0.19800925254821777,-0.024212174183219304,-0.10754486918449402,-0.24147921800613403,-0.0657489132792648,-0.057708561420440674,-0.18289625644683838,-0.07379261969634854,-0.02987682819366455,-0.13531839847564697,-0.06578504859515988,-0.1371172070503235,-0.15348833799362183,-0.033925404837816586,-0.18731552362442017,-0.21779203414916992,-0.05502978160092198,-0.21708962321281433,-0.2590703070163727,-0.061944635650604596,-0.2467145174741745,-0.30047407746315,-0.06189460500189625,J
0.0,0.0,0.0,0.05776903033256531,-0.07137817144393921,-0.055608891655396064,0.08364740014076233,-0.15163379907608032,-0.0943513407899843,0.04676496982574463,-0.17779386043548584,-0.12811538275022372,-0.005635052919387817,-0.13178032636642456,-0.15551206167478426,-0.041859954595565796,-0.2748606503009796,-0.06140627037424906,0.0035815834999084473,-0.2890525460243225,-0.10425655241746767,0.024302750825881958,-0.213931143283844,-0.12500048871774538,0.019780457019805908,-0.17857736349105835,-0.1347585588290201,-0.08173313736915588,-0.23795947432518005,-0.05638283934135302,-0.03337365388870239,-0.24437132477760315,-0.10053606774349078,-0.00029402971267700195,-0.1666237711906433,-0.11135876621742113,-0.0012941062450408936,-0.14768409729003906,-0.11251981254358157,-0.10719344019889832,-0.18341219425201416,-0.058259417076300224,-0.06409195065498352,-0.19096165895462036,-0.10804602946777209,-0.017599284648895264,-0.12323296070098877,-0.10988444532890185,-0.004364967346191406,-0.08594894409179688,-0.0995187654687868,-0.12596780061721802,-0.12946051359176636,-0.06396903540630205,-0.15980488061904907,-0.18070745468139648,-0.09413237567682131,-0.191117525100708,-0.21770066022872925,-0.10116193886537417,-0.22747959196567535,-0.2608675956726074,-0.10148082371492251,J
0.0,0.0,0.0,0.05217352509498596,-0.07576644420623779,-0.034791913578146705,0.07621392607688904,-0.16301995515823364,-0.05580319906198383,0.03569236397743225,-0.20006322860717773,-0.07576100970231892,-0.017478078603744507,-0.17240846157073975,-0.08961810613595844,-0.02247682213783264,-0.27236366271972656,-0.02773238974236847,-0.01047736406326294,-0.31081297993659973,-0.0637150749059856,0.00898769497871399,-0.23662668466567993,-0.08269530231677891,0.009714990854263306,-0.19754081964492798,-0.09019788796626926,-0.065988689661026,-0.24434641003608704,-0.028605106050008544,-0.05666685104370117,-0.27874764800071716,-0.07008512760125996,-0.021518290042877197,-0.19845366477966309,-0.08386948401653171,-0.011697500944137573,-0.16200977563858032,-0.08461997354947925,-0.10250118374824524,-0.20297104120254517,-0.035433989712828406,-0.09258848428726196,-0.2296617031097412,-0.07944137299978138,-0.04743257164955139,-0.16220813989639282,-0.08431578869544865,-0.0276452898979187,-0.11585026979446411,-0.07502700830423237,-0.1345520317554474,-0.15643060207366943,-0.04440574417435528,-0.18366041779518127,-0.22200924158096313,-0.06936526740514637,-0.21655789017677307,-0.2639882564544678,-0.07615024293386341,-0.24960555136203766,-0.30617469549179077,-0.07594986701928974,J
0.0,0.0,0.0,0.050473034381866455,-0.08235323429107666,-0.040564052577565235,0.06193643808364868,-0.1841423511505127,-0.0593651419537764,-0.0004942417144775391,-0.2186574935913086,-0.07549891975099854,-0.06206837296485901,-0.18895703554153442,-0.08432480302030854,-0.021521955728530884,-0.2737649977207184,-0.02496074308032803,-0.03562116622924805,-0.3291458189487457,-0.0598384140091639,-0.01628255844116211,-0.25369176268577576,-0.07677387800390534,-0.007049679756164551,-0.21267187595367432,-0.0822891851919394,-0.06834444403648376,-0.2460837960243225,-0.020889270867655796,-0.08361831307411194,-0.2934669554233551,-0.0644904037969809,-0.048731595277786255,-0.21356117725372314,-0.07923092302257828,-0.03223523497581482,-0.1724996566772461,-0.07857519742424302,-0.1082119345664978,-0.20864558219909668,-0.02388262544150166,-0.1262243092060089,-0.24877279996871948,-0.06799772736007981,-0.08090859651565552,-0.18154048919677734,-0.07444141414339356,-0.05332645773887634,-0.13038969039916992,-0.06538870539839081,-0.14415591955184937,-0.16591644287109375,-0.02959757093663029,-0.2026287019252777,-0.22566992044448853,-0.053843077089140934,-0.2406567931175232,-0.2657835781574249,-0.06305978056366257,-0.27776584029197693,-0.30668485164642334,-0.06458226945574097,J
0.0,0.0,0.0,0.05077916383743286,-0.08499366044998169,-0.04619697352754315,0.056632399559020996,-0.18630975484848022,-0.06770444905268391,-0.013419002294540405,-0.21388626098632812,-0.08588002866017064,-0.07518890500068665,-0.182525634765625,-0.09575070684658726,-0.020464956760406494,-0.2750239372253418,-0.02737855223821839,-0.041045546531677246,-0.3296909034252167,-0.06896497553097447,-0.019519329071044922,-0.25545936822891235,-0.0893770629714652,-0.007916271686553955,-0.21533584594726562,-0.09548579400288304,-0.06809750199317932,-0.24591684341430664,-0.021250947023503386,-0.0897437036037445,-0.2965289354324341,-0.07060794776188573,-0.05323261022567749,-0.21458768844604492,-0.08673183118807515,-0.036336809396743774,-0.1758652925491333,-0.08526063209282597,-0.10809653997421265,-0.2093445062637329,-0.023460277001134955,-0.13166391849517822,-0.2502884864807129,-0.07280110066639622,-0.08726680278778076,-0.18025672435760498,-0.0795712271879836,-0.060733020305633545,-0.13091444969177246,-0.06897446012007435,-0.14449796080589294,-0.1688341498374939,-0.028893469477765166,-0.19963312149047852,-0.22854149341583252,-0.054353120381705367,-0.23597753047943115,-0.2673615515232086,-0.0628887588332816,-0.27319690585136414,-0.30881166458129883,-0.0632411489437743,J
0.0,0.0,0.0,0.05515521764755249,-0.08115965127944946,-0.031022906369656766,0.06815993785858154,-0.18915706872940063,-0.04234898283252164,0.006503283977508545,-0.20301151275634766,-0.05303697480925962,-0.046727120876312256,-0.13969969749450684,-0.057308958909601415,-0.026912927627563477,-0.26998597383499146,-0.011290156348735536,-0.03989332914352417,-0.32321467995643616,-0.04204833700427457,-0.006205737590789795,-0.25396159291267395,-0.05499682768353864,0.004684925079345703,-0.21402692794799805,-0.056649437240452016,-0.0701320469379425,-0.24275511503219604,-0.011135200104803289,-0.08442690968513489,-0.2872155010700226,-0.04742302193412229,-0.03808632493019104,-0.21482235193252563,-0.05812359794148847,-0.024169892072677612,-0.1820676326751709,-0.055552428654522146,-0.10708349943161011,-0.20713746547698975,-0.017766997284383024,-0.12267756462097168,-0.2475123405456543,-0.05536171241769239,-0.07024917006492615,-0.18302994966506958,-0.0582402740336363,-0.047082990407943726,-0.1403059959411621,-0.047361685029358114,-0.1433212161064148,-0.16872107982635498,-0.02665372758278295,-0.19072574377059937,-0.2466357946395874,-0.04388793005713865,-0.21190029382705688,-0.29592469334602356,-0.046839682451576437,-0.23737984895706177,-0.3482343554496765,-0.04449121846923276,J
0.0,0.0,0.0,0.05860215425491333,-0.07115352153778076,-0.02651742552916403,0.08721476793289185,-0.17074906826019287,-0.039128533429902745,0.0454675555229187,-0.19996517896652222,-0.05262893704275484,-0.006582021713256836,-0.14981603622436523,-0.06062280280093546,-0.010727643966674805,-0.2703685164451599,-0.012437003530067159,-0.005098581314086914,-0.32870346307754517,-0.04256433886985178,0.026835381984710693,-0.25865915417671204,-0.05460677561859484,0.034176528453826904,-0.21590304374694824,-0.055630675382417394,-0.05085435509681702,-0.24739563465118408,-0.015513952686887933,-0.04485243558883667,-0.29542848467826843,-0.050116679496568395,-0.003841221332550049,-0.2188604474067688,-0.06028130171398516,0.004263699054718018,-0.18277573585510254,-0.058213311112922383,-0.08548754453659058,-0.2136094570159912,-0.024389897338551236,-0.08051285147666931,-0.25563377141952515,-0.0605352733800828,-0.03359037637710571,-0.1858695149421692,-0.061845167405408574,-0.017959684133529663,-0.1412515640258789,-0.050601324863237096,-0.12065339088439941,-0.17467528581619263,-0.03517787796954508,-0.15734964609146118,-0.25911396741867065,-0.05191826713780756,-0.17337048053741455,-0.31309235095977783,-0.0533098679552495,-0.19453996419906616,-0.36979925632476807,-0.04996945229868288,J
0.0,0.0,0.0,0.05475175380706787,-0.07547777891159058,-0.02737811584270844,0.07338643074035645,-0.17700856924057007,-0.03862521428860077,0.014146804809570312,-0.19543981552124023,-0.04939844090736756,-0.041955262422561646,-0.14256399869918823,-0.05388313163317093,-0.006425142288208008,-0.2624812126159668,-0.012352841945954651,-0.015890061855316162,-0.32836079597473145,-0.041445419232019276,0.006635606288909912,-0.25805070996284485,-0.053473245392211766,0.011274933815002441,-0.21937847137451172,-0.05539689962066063,-0.05309012532234192,-0.24120575189590454,-0.013465422245332093,-0.06562012434005737,-0.30041244626045227,-0.043502423951991886,-0.03109973669052124,-0.225233793258667,-0.05075387660659203,-0.021930277347564697,-0.19707375764846802,-0.04843175415194878,-0.09340056777000427,-0.2103356122970581,-0.020620912353166432,-0.1084158718585968,-0.26137250661849976,-0.05161151293910393,-0.06694331765174866,-0.1939067244529724,-0.05031405765808472,-0.05028486251831055,-0.1533835530281067,-0.039762161711820454,-0.13294446468353271,-0.17604023218154907,-0.029951926360496373,-0.174894779920578,-0.25703585147857666,-0.0430715084472979,-0.19338363409042358,-0.30650755763053894,-0.04270778972900757,-0.21569424867630005,-0.35972654819488525,-0.03965683285392174,J
0.0,0.0,0.0,0.04774332046508789,-0.08796185255050659,-0.038956336836747596,0.04514235258102417,-0.19912093877792358,-0.05430310235493607,-0.030685782432556152,-0.20314675569534302,-0.06631308437459893,-0.08697453141212463,-0.1437140703201294,-0.06946552188270516,-0.03768026828765869,-0.2722845673561096,-0.023170024316243598,-0.06574791669845581,-0.32929563522338867,-0.05631072835200257,-0.03181272745132446,-0.257548987865448,-0.07241388053768105,-0.02115565538406372,-0.2262122631072998,-0.07924159259670205,-0.08522969484329224,-0.24027204513549805,-0.018875379275016257,-0.11340272426605225,-0.29140788316726685,-0.051536895494393775,-0.06740090250968933,-0.21606361865997314,-0.05814469621651597,-0.05507469177246094,-0.19682282209396362,-0.05698424221151299,-0.12246701121330261,-0.1987771987915039,-0.022016072805456588,-0.15835481882095337,-0.24766486883163452,-0.0545449929045958,-0.10981816053390503,-0.18779659271240234,-0.05049235389702744,-0.08546656370162964,-0.1549835205078125,-0.040186368088654945,-0.15647217631340027,-0.15314269065856934,-0.02875209429436154,-0.21573808789253235,-0.20968693494796753,-0.045148600052527854,-0.2498113512992859,-0.24280619621276855,-0.04686044917576737,-0.28850241005420685,-0.2822900712490082,-0.04626419411175675,J
0.0,0.0,0.0,0.05519503355026245,-0.0783536434173584,-0.026616808757665922,0.07578587532043457,-0.18447339534759521,-0.0379073999677928,0.023817241191864014,-0.21480894088745117,-0.04923496468413191,-0.030379116535186768,-0.16475462913513184,-0.05456570236432867,-0.009677857160568237,-0.2753676474094391,-0.01053820530373173,-0.01459580659866333,-0.3427615761756897,-0.03696842937219458,0.011017560958862305,-0.27226293087005615,-0.04751601888287382,0.015889227390289307,-0.231337308883667,-0.04906959159720259,-0.05477723479270935,-0.25395888090133667,-0.012902281977716257,-0.06066879630088806,-0.31686168909072876,-0.0442744314526351,-0.022500693798065186,-0.2415757179260254,-0.05431480406272726,-0.014620214700698853,-0.2054581642150879,-0.05306650026190596,-0.09502694010734558,-0.2223263382911682,-0.020889156297329237,-0.10294914245605469,-0.2786804735660553,-0.0537285849307807,-0.05449402332305908,-0.21532320976257324,-0.05810800267803984,-0.036356955766677856,-0.17250418663024902,-0.050885033593061735,-0.1345604658126831,-0.18519830703735352,-0.0306274972711833,-0.1834876537322998,-0.25866979360580444,-0.04475130586374121,-0.2058815360069275,-0.3054681718349457,-0.048228722796324064,-0.23375695943832397,-0.35584884881973267,-0.048200429216507246,J
0.0,0.0,0.0,0.05577975511550903,-0.07472360134124756,-0.017154487992854683,0.08046776056289673,-0.17430990934371948,-0.027599347035618393,0.048839449882507324,-0.21444451808929443,-0.04066806400868472,-0.0003001689910888672,-0.17244082689285278,-0.04853402937504825,-0.008288443088531494,-0.27746039628982544,-0.012470544527502625,-9.244680404663086e-05,-0.343360960483551,-0.03818329537961063,0.029587090015411377,-0.26828521490097046,-0.044411116491289704,0.034941792488098145,-0.22163426876068115,-0.042462569873066514,-0.04745927453041077,-0.2540138363838196,-0.02108160334381637,-0.03851798176765442,-0.3153921365737915,-0.05589063579890308,0.00046584010124206543,-0.2343718409538269,-0.06531529987904605,0.005660295486450195,-0.1908198595046997,-0.06279127414080676,-0.08369812369346619,-0.22168457508087158,-0.03375286350700435,-0.07801800966262817,-0.2784443199634552,-0.06875236446711597,-0.027871549129486084,-0.20539355278015137,-0.07119050736281451,-0.010948657989501953,-0.15685492753982544,-0.06203595290634212,-0.11915257573127747,-0.1830011010169983,-0.04745517785403308,-0.1608484387397766,-0.2623114585876465,-0.0637810837731081,-0.17917373776435852,-0.3154272437095642,-0.06797181184145984,-0.20251363515853882,-0.3734551966190338,-0.06823786462399539,J
0.0,0.0,0.0,0.05638796091079712,-0.07784032821655273,-0.02502669658494483,0.07798975706100464,-0.18206310272216797,-0.03599205132556449,0.022413551807403564,-0.21257388591766357,-0.04726965617371093,-0.03729468584060669,-0.17074871063232422,-0.05293618407083045,-0.0036417245864868164,-0.2714235186576843,-0.008052886314516172,-0.011415481567382812,-0.34007877111434937,-0.03601584102941047,0.011075139045715332,-0.27189886569976807,-0.04847383763623725,0.01509636640548706,-0.23033016920089722,-0.050539548359637365,-0.04943498969078064,-0.25199180841445923,-0.01080991219711791,-0.061871469020843506,-0.3205171227455139,-0.043154029957776174,-0.024786680936813354,-0.2471103072166443,-0.05422272425127517,-0.01549115777015686,-0.20942425727844238,-0.052976037226443395,-0.08956444263458252,-0.2215815782546997,-0.01915904026461135,-0.10511934757232666,-0.2841910719871521,-0.05195953216386329,-0.05741453170776367,-0.22280216217041016,-0.05584818389249335,-0.03757163882255554,-0.18043071031570435,-0.047921112589364157,-0.12791255116462708,-0.18509387969970703,-0.029222124107008085,-0.17199569940567017,-0.2633615732192993,-0.0427800145371009,-0.1911068558692932,-0.3137841820716858,-0.045371576063161,-0.2159520387649536,-0.3669012188911438,-0.04448048662376891,J
0.0,0.0,0.0,0.05757772922515869,-0.08768391609191895,-0.039027860860727515,0.0695677399635315,-0.20145028829574585,-0.053450318525932516,-0.005418956279754639,-0.22728604078292847,-0.06638337905278036,-0.06850388646125793,-0.18033725023269653,-0.06997534866204091,-0.004592537879943848,-0.2847250699996948,-0.00978282886316606,-0.02464887499809265,-0.3654458522796631,-0.04546810547580549,-0.0026397109031677246,-0.28796422481536865,-0.06274721259941884,0.0029014945030212402,-0.24744832515716553,-0.06716833497156927,-0.053851425647735596,-0.26434552669525146,-0.005381409551404204,-0.07645583152770996,-0.3316141366958618,-0.04325256357660123,-0.041616082191467285,-0.25029826164245605,-0.054643949966333594,-0.032091498374938965,-0.22046178579330444,-0.052236544440887656,-0.09418079257011414,-0.23466473817825317,-0.009180406581066336,-0.12565156817436218,-0.3001398742198944,-0.04273178289403745,-0.08792051672935486,-0.23508483171463013,-0.041239971767566885,-0.07031157612800598,-0.19358611106872559,-0.028949302162430968,-0.13326698541641235,-0.1998642086982727,-0.016988084192774977,-0.17639169096946716,-0.27774477005004883,-0.028908310930631842,-0.19529595971107483,-0.3255050778388977,-0.02879123064448663,-0.2178492248058319,-0.37447017431259155,-0.024911279331348624,J
0.0,0.0,0.0,0.05633297562599182,-0.09155195951461792,-0.03453911643711649,0.0667969286441803,-0.20640486478805542,-0.04565505486218058,-0.007015854120254517,-0.23534244298934937,-0.05635826092449747,-0.0693923830986023,-0.19184428453445435,-0.05853241857377611,-0.00486716628074646,-0.28952398896217346,-0.0005574379535744356,-0.023157626390457153,-0.36559543013572693,-0.03188849788395487,-0.0022804439067840576,-0.2898062467575073,-0.047393640393892156,0.0020698606967926025,-0.24897992610931396,-0.05089276831833445,-0.05330297350883484,-0.2690473794937134,0.0022104115853665007,-0.07545199990272522,-0.335448294878006,-0.033944884205737935,-0.04246678948402405,-0.25611811876296997,-0.0466088036843928,-0.033444494009017944,-0.21823084354400635,-0.04445597704736315,-0.09459805488586426,-0.2405349612236023,-0.0027845244692059623,-0.12650653719902039,-0.3069750666618347,-0.03558215674249254,-0.08803054690361023,-0.24382179975509644,-0.0369555483409556,-0.0694863498210907,-0.19810211658477783,-0.025961808750906812,-0.13496100902557373,-0.20641416311264038,-0.011178752298036443,-0.1759614646434784,-0.2822215259075165,-0.021362485254684316,-0.19294872879981995,-0.32844844460487366,-0.021368080640712606,-0.21413841843605042,-0.37498944997787476,-0.017497846747318135,J
0.0,0.0,0.0,0.05689644813537598,-0.07763487100601196,-0.02698327380784349,0.08586186170578003,-0.17959457635879517,-0.04070901278026895,0.038438498973846436,-0.21695804595947266,-0.055293352935393614,-0.02036115527153015,-0.17960673570632935,-0.06388301554687814,0.004737257957458496,-0.27678486704826355,-0.011677668090840143,0.001994311809539795,-0.3501346707344055,-0.040822831574757856,0.025493919849395752,-0.2758336663246155,-0.05175131711729364,0.030741631984710693,-0.22770065069198608,-0.051707023415644926,-0.040633827447891235,-0.2595568299293518,-0.014486304145236772,-0.04375720024108887,-0.3271867632865906,-0.05088086206086473,-0.0075640082359313965,-0.2452508807182312,-0.06342642161615686,0.00048726797103881836,-0.19850701093673706,-0.06168684143193559,-0.08211091160774231,-0.23322200775146484,-0.022740812633117002,-0.08960863947868347,-0.29768607020378113,-0.05688592198856668,-0.04364749789237976,-0.231040358543396,-0.06181031990416841,-0.02553015947341919,-0.18360894918441772,-0.053698876533587736,-0.12347579002380371,-0.1998656988143921,-0.03294200230010347,-0.16623035073280334,-0.28036797046661377,-0.04509220797189073,-0.18365120887756348,-0.3309382200241089,-0.0475939937270482,-0.2053561806678772,-0.3836991786956787,-0.04639475199945764,J
0.0,0.0,0.0,0.05701792240142822,-0.08493232727050781,-0.03291659704089511,0.07418125867843628,-0.19772934913635254,-0.04476361623645175,0.007137000560760498,-0.22639524936676025,-0.0559830693030392,-0.05234438180923462,-0.17727237939834595,-0.05938294059276927,-0.005324423313140869,-0.2859433591365814,-0.005268777670863756,-0.020795494318008423,-0.3543945550918579,-0.0340879288935696,0.0005481839179992676,-0.2786778509616852,-0.04745941883564342,0.00435030460357666,-0.24011564254760742,-0.05024317926407207,-0.05235087871551514,-0.26658058166503906,-0.003899662472832688,-0.07218345999717712,-0.3307018578052521,-0.037506896021369585,-0.03710871934890747,-0.25356972217559814,-0.04812693125248302,-0.02801358699798584,-0.21902334690093994,-0.04565181112528194,-0.09236371517181396,-0.2366989254951477,-0.009478503788415082,-0.11859408020973206,-0.29946306347846985,-0.04167133844137538,-0.07643407583236694,-0.23529034852981567,-0.042244697871211656,-0.05816662311553955,-0.19234758615493774,-0.031338005276921876,-0.13170018792152405,-0.200852632522583,-0.0181300127381121,-0.1750175952911377,-0.2772640585899353,-0.02890227823198188,-0.19266974925994873,-0.3238872289657593,-0.028325713189843782,-0.21528390049934387,-0.37341099977493286,-0.024473904582265504,J
0.0,0.0,0.0,0.05637770891189575,-0.07344096899032593,-0.02687410352234565,0.08476418256759644,-0.17528802156448364,-0.039524034535929786,0.038046836853027344,-0.21154695749282837,-0.05242464778427802,-0.019698381423950195,-0.17151588201522827,-0.05873728258018218,0.007938802242279053,-0.2749667465686798,-0.012714631794437992,0.007328212261199951,-0.3470184803009033,-0.04010110435490333,0.029722094535827637,-0.2723003625869751,-0.04952901688818656,0.03226137161254883,-0.22823190689086914,-0.049266238635823356,-0.03812730312347412,-0.25871706008911133,-0.01527752069239341,-0.039839863777160645,-0.3230363428592682,-0.0485770599306079,-0.0056029558181762695,-0.24616652727127075,-0.05905392107968055,-0.0006544589996337891,-0.20970088243484497,-0.05733040434722625,-0.08007395267486572,-0.23283064365386963,-0.023220215863034355,-0.08580335974693298,-0.2946034371852875,-0.055569597458884346,-0.03964915871620178,-0.22737330198287964,-0.058814735090777504,-0.023103713989257812,-0.1830553412437439,-0.05066725326184951,-0.12159621715545654,-0.200578510761261,-0.03317966399197303,-0.16248053312301636,-0.280612975358963,-0.04529331711535178,-0.1789061427116394,-0.3309263586997986,-0.04733301413659774,-0.20092064142227173,-0.3858547806739807,-0.046247036135241615,J
0.0,0.0,0.0,0.07276901602745056,-0.033043742179870605,-0.02991687127899212,0.12364950776100159,-0.10750287771224976,-0.04396793426524681,0.09569796919822693,-0.16468089818954468,-0.059164056494346084,0.04281151294708252,-0.17353755235671997,-0.0722262840117125,0.07925769686698914,-0.258655846118927,-0.008790520891061249,0.0818943977355957,-0.3740001320838928,-0.044048188194146576,0.08732408285140991,-0.3562677502632141,-0.07424399064432663,0.08468925952911377,-0.2964800000190735,-0.08772489981304687,0.030735313892364502,-0.26503658294677734,-0.009396152510753097,0.028389185667037964,-0.39246708154678345,-0.03938147978436035,0.036556363105773926,-0.36590635776519775,-0.06538533972155136,0.03894016146659851,-0.30239665508270264,-0.0770819465960173,-0.013769716024398804,-0.257174015045166,-0.015765733956804695,-0.018833637237548828,-0.3764684498310089,-0.038390932544579925,-0.00842103362083435,-0.35895252227783203,-0.054392991527429047,-0.004896193742752075,-0.30195868015289307,-0.05961519660007042,-0.05983665585517883,-0.2365846037864685,-0.025499146371593895,-0.0656873881816864,-0.32844072580337524,-0.039325063988080444,-0.05454632639884949,-0.32874804735183716,-0.04426350252281708,-0.047957777976989746,-0.2947082221508026,-0.04436101199637932,E
0.0,0.0,0.0,0.07173800468444824,-0.040126800537109375,-0.028108263536793743,0.11722764372825623,-0.12092512845993042,-0.04060841180334762,0.07597875595092773,-0.17341327667236328,-0.05458069421301559,0.017643451690673828,-0.17303991317749023,-0.06659330628762916,0.0818098783493042,-0.2557942271232605,-0.006702913585556303,0.0858481228351593,-0.37168848514556885,-0.04123855955849365,0.08822795748710632,-0.3541474938392639,-0.07052485845933631,0.08284953236579895,-0.2950761616230011,-0.0835433026398249,0.03334340453147888,-0.26415109634399414,-0.008027321807546173,0.03211987018585205,-0.39180484414100647,-0.038763715102774654,0.03816989064216614,-0.36784788966178894,-0.06490350715766624,0.03887510299682617,-0.3026919960975647,-0.07619857989202217,-0.01057252287864685,-0.258134126663208,-0.015080236978334938,-0.015456199645996094,-0.3779323697090149,-0.037625866159302745,-0.00676313042640686,-0.36164575815200806,-0.05441434510002807,-0.004393875598907471,-0.3047208786010742,-0.05988556347737983,-0.056158095598220825,-0.2397189736366272,-0.025360219329101596,-0.06165394186973572,-0.3304116725921631,-0.03812707044134811,-0.051753342151641846,-0.3308573365211487,-0.042970342710120235,-0.046292662620544434,-0.296168714761734,-0.04315154083023742,E
0.0,0.0,0.0,0.07072678208351135,-0.04368937015533447,-0.025346286624909453,0.11303260922431946,-0.12739205360412598,-0.036816893175483756,0.06686487793922424,-0.1792849898338318,-0.05025418664538961,0.007036328315734863,-0.17009800672531128,-0.061807448074461036,0.08269894123077393,-0.25516635179519653,-0.005070553191245608,0.08845242857933044,-0.37220948934555054,-0.03804082985246282,0.09177818894386292,-0.35214686393737793,-0.06560087393248182,0.08662167191505432,-0.2919018566608429,-0.07786792705977064,0.03423568606376648,-0.2636129856109619,-0.007543160610140376,0.033881545066833496,-0.3918161988258362,-0.036480763957143836,0.04005560278892517,-0.36332571506500244,-0.06004955063784223,0.04070350527763367,-0.2981330454349518,-0.07010401229584318,-0.009890735149383545,-0.2581323981285095,-0.015512698360026889,-0.014338314533233643,-0.3783673048019409,-0.03671406398737531,-0.006130188703536987,-0.35601675510406494,-0.050753766700864844,-0.00469014048576355,-0.29841500520706177,-0.05488716627681356,-0.056263893842697144,-0.24031966924667358,-0.02658537964546781,-0.06099918484687805,-0.33239230513572693,-0.037864519313217215,-0.051117777824401855,-0.32789427042007446,-0.040484527155996375,-0.046271443367004395,-0.2909044623374939,-0.0397123266311894,E
0.0,0.0,0.0,0.07135874032974243,-0.04513263702392578,-0.025568458945040007,0.111167311668396,-0.1314152479171753,-0.03731057210314681,0.056797415018081665,-0.1763187050819397,-0.0513661147509854,-0.005049705505371094,-0.16545027494430542,-0.06355713097799232,0.08348411321640015,-0.2599033713340759,-0.003382496996332307,0.08603870868682861,-0.37696540355682373,-0.036707745627049704,0.09113270044326782,-0.3623296320438385,-0.06539019732225348,0.0878639817237854,-0.30270713567733765,-0.07815254269588401,0.03315189480781555,-0.26863110065460205,-0.006036490429673691,0.032370805740356445,-0.39672958850860596,-0.03530891774642875,0.038844168186187744,-0.3757796287536621,-0.06124860955822875,0.039431095123291016,-0.3102828860282898,-0.07293111620891501,-0.011556237936019897,-0.26227372884750366,-0.014346484788243075,-0.016001522541046143,-0.38394486904144287,-0.036023230985287924,-0.008291184902191162,-0.36833053827285767,-0.05340219824064185,-0.006901860237121582,-0.30973130464553833,-0.0596668960009854,-0.05754804611206055,-0.2425166368484497,-0.02569093158889224,-0.06392771005630493,-0.3345344066619873,-0.037892283633832236,-0.05416905879974365,-0.3351482152938843,-0.042777104065303106,-0.047949403524398804,-0.29863590002059937,-0.04341502650130202,E
0.0,0.0,0.0,0.07114565372467041,-0.02856963872909546,-0.03650307248470641,0.1263476014137268,-0.08888250589370728,-0.057670663698886404,0.10640555620193481,-0.14452588558197021,-0.07952981035349227,0.05644369125366211,-0.17462009191513062,-0.098961915477489,0.08198696374893188,-0.25605064630508423,-0.018426237284515867,0.08448660373687744,-0.375813752412796,-0.058725937857602606,0.0900450348854065,-0.35701990127563477,-0.09261255304453231,0.0882030725479126,-0.2962121069431305,-0.10798596928951598,0.03222241997718811,-0.2626191973686218,-0.017839509650443564,0.031132549047470093,-0.3951375186443329,-0.05328477139708854,0.03884321451187134,-0.3653019070625305,-0.08443959395525313,0.04185795783996582,-0.30100885033607483,-0.09951337765095092,-0.013562142848968506,-0.2571389675140381,-0.02325142699417926,-0.01766619086265564,-0.3794587254524231,-0.04931037838694907,-0.007511794567108154,-0.36040136218070984,-0.06947799365160323,-0.003916025161743164,-0.3017460107803345,-0.0776947994076953,-0.06043583154678345,-0.23915809392929077,-0.032394647254918585,-0.06547355651855469,-0.33105796575546265,-0.048212103202317724,-0.05442291498184204,-0.330213725566864,-0.05576908554074622,-0.0478876531124115,-0.2946399450302124,-0.057921416714166174,E
0.0,0.0,0.0,0.0706254243850708,-0.04210543632507324,-0.035327934695057905,0.11108848452568054,-0.12415361404418945,-0.05253921173291687,0.05649179220199585,-0.16652953624725342,-0.07066773347335342,-0.0035521984100341797,-0.16433489322662354,-0.08713708542066101,0.08357962965965271,-0.25546902418136597,-0.011170624790363348,0.08610519766807556,-0.3693004250526428,-0.04837600238399986,0.08725425601005554,-0.3533676862716675,-0.08100082449393753,0.0840485692024231,-0.294297456741333,-0.09672098330932144,0.03245022892951965,-0.2627800405025482,-0.010676251759402788,0.03083866834640503,-0.39057356119155884,-0.04588417060451988,0.033887624740600586,-0.36343204975128174,-0.07953662894444946,0.03672882914543152,-0.2995903491973877,-0.09631351850705627,-0.012952238321304321,-0.2569183111190796,-0.016386385110788382,-0.016577571630477905,-0.37530067563056946,-0.04281284756737236,-0.011492431163787842,-0.35704541206359863,-0.06798673145251755,-0.009253203868865967,-0.2983860671520233,-0.07924512497859482,-0.058242350816726685,-0.23714005947113037,-0.02555682234244827,-0.06309041380882263,-0.3272658586502075,-0.03968540303187851,-0.05520409345626831,-0.3257705271244049,-0.0486953677959967,-0.050086140632629395,-0.2892146408557892,-0.05285053051786903,E
0.0,0.0,0.0,0.06622827053070068,-0.0470508337020874,-0.03698126473100771,0.09591042995452881,-0.12949270009994507,-0.054767681887465613,0.0343819260597229,-0.1712849736213684,-0.07358916350277056,-0.02531719207763672,-0.17155790328979492,-0.09013108410509219,0.0906609296798706,-0.255318284034729,-0.00815911464961161,0.09539109468460083,-0.3707078695297241,-0.04521799333961596,0.08359313011169434,-0.3531152606010437,-0.0775110597220241,0.07602348923683167,-0.29596492648124695,-0.0936505074110805,0.038667917251586914,-0.26345372200012207,-0.00700300619574179,0.039539486169815063,-0.3914804458618164,-0.04490791507633318,0.030365318059921265,-0.36219465732574463,-0.08089679726036181,0.033647000789642334,-0.30009570717811584,-0.09841097392709841,-0.007353603839874268,-0.26040273904800415,-0.012542850939649242,-0.007890641689300537,-0.3758682310581207,-0.0413206095305263,-0.012445241212844849,-0.35779792070388794,-0.06933576115043749,-0.009207814931869507,-0.29840701818466187,-0.08144118883283724,-0.050797998905181885,-0.2426908016204834,-0.021607684573250907,-0.05781260132789612,-0.3306080996990204,-0.03596992664607157,-0.056403279304504395,-0.33097943663597107,-0.04671751209171404,-0.04964509606361389,-0.29548096656799316,-0.05191831537159075,E
0.0,0.0,0.0,0.06778770685195923,-0.0444415807723999,-0.025342598467487765,0.10845345258712769,-0.12857335805892944,-0.03872949248494573,0.05514049530029297,-0.17219257354736328,-0.05460868021788068,-0.008468925952911377,-0.15831303596496582,-0.06928997850360341,0.08348828554153442,-0.25672078132629395,-0.004023529499191714,0.0860544741153717,-0.3678312301635742,-0.035953558891434145,0.09171181917190552,-0.3533276915550232,-0.0634168199294991,0.09018784761428833,-0.2983993887901306,-0.07629375523271031,0.03411126136779785,-0.2656547725200653,-0.007440494283456278,0.03457733988761902,-0.38751834630966187,-0.038027111350912524,0.04130762815475464,-0.3571472465991974,-0.06356943762244649,0.043085068464279175,-0.29079586267471313,-0.07464955365600057,-0.009957045316696167,-0.2589471936225891,-0.01620145505608983,-0.014690995216369629,-0.3803730905056,-0.03837843975367017,-0.005944728851318359,-0.3576316833496094,-0.055127605705875826,-0.0030637383460998535,-0.29668083786964417,-0.060956753700394106,-0.05549529194831848,-0.2379589080810547,-0.02798588937463231,-0.06391763687133789,-0.32890552282333374,-0.040810793548244906,-0.0532495379447937,-0.32624098658561707,-0.0462213828259892,-0.04523557424545288,-0.2883870303630829,-0.04734449452104039,E
0.0,0.0,0.0,0.0714823305606842,-0.04312622547149658,-0.02164820185097227,0.114895761013031,-0.12862563133239746,-0.03225373452695379,0.06731444597244263,-0.17659831047058105,-0.04573568677695761,0.005174219608306885,-0.15612399578094482,-0.057259324697575664,0.08029642701148987,-0.2627359628677368,-0.0005037750157370624,0.0862809419631958,-0.3787989020347595,-0.030817629528961277,0.09547144174575806,-0.35161200165748596,-0.057097218690238094,0.09004545211791992,-0.2910650670528412,-0.06900557479055891,0.03436386585235596,-0.2699509859085083,-0.00458823586048851,0.03581055998802185,-0.39630332589149475,-0.03042372292073736,0.04883334040641785,-0.3606534004211426,-0.05154181620272169,0.04859650135040283,-0.29335883259773254,-0.06026696389707098,-0.008016496896743774,-0.2639801502227783,-0.013882284743509388,-0.012750744819641113,-0.38646700978279114,-0.03134174993427763,0.0031504929065704346,-0.3588549792766571,-0.04266658028753767,0.0048590898513793945,-0.29781362414360046,-0.04553409641774664,-0.054008275270462036,-0.24628585577011108,-0.026343540979347324,-0.057672739028930664,-0.3394891619682312,-0.035875580964408016,-0.042202651500701904,-0.3327314853668213,-0.0374976505914546,-0.03579515218734741,-0.2931419014930725,-0.036192774532160854,E
0.0,0.0,0.0,0.07554015517234802,-0.03495931625366211,-0.026153162854107848,0.12812888622283936,-0.11067420244216919,-0.03957234955051803,0.0948217511177063,-0.16948753595352173,-0.05536392590621375,0.03435450792312622,-0.16287869215011597,-0.06928922495463752,0.08454447984695435,-0.258769154548645,-0.004426463308128348,0.08955568075180054,-0.3770214915275574,-0.03724942243317031,0.10057330131530762,-0.3529226779937744,-0.06588571033099555,0.09679287672042847,-0.2919728755950928,-0.07893825581887626,0.03930345177650452,-0.2670097351074219,-0.006815120378824702,0.041355788707733154,-0.39420396089553833,-0.03539512193420791,0.05435973405838013,-0.3576520085334778,-0.05947757026770972,0.053627848625183105,-0.2912820279598236,-0.06988402715543174,-0.0031332075595855713,-0.26418185234069824,-0.014644932734164229,-0.0075585246086120605,-0.38569340109825134,-0.03454798719504737,0.00833117961883545,-0.3582359552383423,-0.04807346946218871,0.009607672691345215,-0.29732534289360046,-0.052165600272211066,-0.049485862255096436,-0.2501281499862671,-0.025899098055752745,-0.052274614572525024,-0.34334832429885864,-0.03735718390563392,-0.037426769733428955,-0.33556801080703735,-0.040529056253227225,-0.03222176432609558,-0.29512089490890503,-0.039987972738536826,E
0.0,0.0,0.0,0.07179734110832214,-0.031022250652313232,-0.036751895197634,0.12090453505516052,-0.09958958625793457,-0.0554523942852061,0.08661624789237976,-0.15222978591918945,-0.07460473755836894,0.035400062799453735,-0.17794394493103027,-0.09139757136345317,0.09318229556083679,-0.2465868592262268,-0.01480601167768647,0.10219994187355042,-0.36304470896720886,-0.05411109233737399,0.09983059763908386,-0.34878331422805786,-0.08641527871132304,0.09239944815635681,-0.2918064594268799,-0.10101733634710719,0.043496936559677124,-0.2581533193588257,-0.013483030707542198,0.04888692498207092,-0.3886600434780121,-0.05093517804980685,0.04636335372924805,-0.359291136264801,-0.08269265572071482,0.045115143060684204,-0.2960425615310669,-0.09679866860151698,-0.0018680393695831299,-0.25664329528808594,-0.018506507375244396,0.0005171895027160645,-0.3769862651824951,-0.047473917701248425,0.0023987889289855957,-0.358444482088089,-0.06939805577040126,0.0029330551624298096,-0.30142390727996826,-0.07711726705074717,-0.047564417123794556,-0.24137187004089355,-0.02698776962697913,-0.04781857132911682,-0.33268633484840393,-0.04399144182444026,-0.04212871193885803,-0.3344724476337433,-0.05234611684918811,-0.03872734308242798,-0.30274897813796997,-0.05438094864130427,E
0.0,0.0,0.0,0.06611770391464233,-0.03023827075958252,-0.037355285989761455,0.11363998055458069,-0.09526771306991577,-0.058257718491077526,0.08142289519309998,-0.1462443470954895,-0.07995414074015628,0.030676335096359253,-0.17326831817626953,-0.09904674525809298,0.08790495991706848,-0.24886149168014526,-0.01812350648891936,0.09366646409034729,-0.36911696195602417,-0.05918983082723628,0.08741262555122375,-0.3519749641418457,-0.09184160168719302,0.08003130555152893,-0.2926822602748871,-0.10652057166647921,0.03780406713485718,-0.25807809829711914,-0.01734550009918223,0.03971695899963379,-0.39111918210983276,-0.05605100180459033,0.03447890281677246,-0.35683220624923706,-0.08736818368983279,0.03594192862510681,-0.29379692673683167,-0.10111136819672595,-0.007670164108276367,-0.25504380464553833,-0.022832111376047237,-0.008900195360183716,-0.3796427845954895,-0.05205672319483767,-0.009632021188735962,-0.3566068708896637,-0.07214042629551898,-0.007311195135116577,-0.29769885540008545,-0.07871455039334307,-0.0525834858417511,-0.2376089096069336,-0.03195154007029544,-0.05735769867897034,-0.3281666040420532,-0.048436728226661785,-0.05296725034713745,-0.3285941481590271,-0.05573114837956439,-0.0474848747253418,-0.29648545384407043,-0.057103791194677456,E
0.0,0.0,0.0,0.0687004029750824,-0.04004693031311035,-0.03997912146435567,0.10590329766273499,-0.11725598573684692,-0.06132897250638791,0.04939243197441101,-0.16125893592834473,-0.08339000754342862,-0.011547714471817017,-0.16890263557434082,-0.10301224403367826,0.08891412615776062,-0.2512807250022888,-0.015525078217550004,0.09638383984565735,-0.36800360679626465,-0.05631579719768354,0.08854129910469055,-0.3414786458015442,-0.09015748165832349,0.07967951893806458,-0.28152552247047424,-0.10684852563129255,0.03800010681152344,-0.2596743702888489,-0.014133273440464222,0.04131510853767395,-0.38922277092933655,-0.055321949350698674,0.03602069616317749,-0.34721639752388,-0.09088184200511762,0.037503719329833984,-0.28239941596984863,-0.10780234150873014,-0.007804542779922485,-0.25696009397506714,-0.01958778947876283,-0.00858759880065918,-0.37743887305259705,-0.0512681257008154,-0.009253919124603271,-0.34780770540237427,-0.07644963525520154,-0.007187217473983765,-0.2852849066257477,-0.0862153794644911,-0.052616775035858154,-0.24025022983551025,-0.028854192051156247,-0.05596897006034851,-0.3297072649002075,-0.04586858190880605,-0.05057838559150696,-0.32424333691596985,-0.05589764453755208,-0.04423984885215759,-0.2867143750190735,-0.06019619740830251,E
0.0,0.0,0.0,0.07568395137786865,-0.024813592433929443,-0.032542319523905405,0.1335979402065277,-0.09051305055618286,-0.04933509744963516,0.11309471726417542,-0.15036284923553467,-0.06766221069059242,0.058157116174697876,-0.15908831357955933,-0.08392319225034583,0.09289184212684631,-0.2509791851043701,-0.010780247415219435,0.10150793194770813,-0.36952847242355347,-0.04729873828849662,0.10220155119895935,-0.34706634283065796,-0.07763996862134803,0.0959412157535553,-0.2882208228111267,-0.09160927824935783,0.044170498847961426,-0.26261818408966064,-0.01174752090386022,0.0497148334980011,-0.39468398690223694,-0.046723061728094706,0.05194941163063049,-0.35762423276901245,-0.07573478810748924,0.05160936713218689,-0.2907582223415375,-0.08833904706201423,-0.0010736584663391113,-0.2603011727333069,-0.0184967345770346,-0.0012802183628082275,-0.3863033652305603,-0.044447177576635966,0.005940258502960205,-0.36055368185043335,-0.06299033157787193,0.00843927264213562,-0.29894280433654785,-0.0690595074769007,-0.04759770631790161,-0.24425506591796875,-0.028826778310154566,-0.05089905858039856,-0.3363032341003418,-0.04395045109352935,-0.040722787380218506,-0.33671021461486816,-0.051343233811472544,-0.0330444872379303,-0.30348271131515503,-0.05321334071717132,E
0.0,0.0,0.0,0.07888630032539368,-0.02312934398651123,-0.028146265545913707,0.13927748799324036,-0.09866559505462646,-0.04037360149068547,0.11886748671531677,-0.16675543785095215,-0.0542525020484419,0.05884331464767456,-0.15087735652923584,-0.06632350432319356,0.08761760592460632,-0.25440919399261475,-0.007014109758713971,0.09713926911354065,-0.3720463514328003,-0.03700687038345052,0.10319980978965759,-0.34282922744750977,-0.06283804076356603,0.09709402918815613,-0.2824810743331909,-0.0752289821450205,0.04098889231681824,-0.26346534490585327,-0.008598297374376784,0.04654383659362793,-0.39293038845062256,-0.03682776215119077,0.05647656321525574,-0.34988874197006226,-0.061338592791983615,0.055427879095077515,-0.28203508257865906,-0.07257033186597539,-0.0017953217029571533,-0.2599002718925476,-0.015223885426351558,-0.003237903118133545,-0.3871626853942871,-0.03621871444029523,0.01159888505935669,-0.35665589570999146,-0.052848600322434436,0.013801604509353638,-0.2925490438938141,-0.05926072644633962,-0.048183053731918335,-0.24415504932403564,-0.025211949372717868,-0.05061209201812744,-0.33819007873535156,-0.038372107321450244,-0.035005420446395874,-0.33319854736328125,-0.04576865258259488,-0.026383697986602783,-0.2948325276374817,-0.04884153651637746,E
0.0,0.0,0.0,0.07461398839950562,-0.03224831819534302,-0.03147189280576512,0.12404578924179077,-0.10971450805664062,-0.04684451556391522,0.08305037021636963,-0.16429579257965088,-0.06360353490896031,0.02325788140296936,-0.1670767068862915,-0.07878972551412389,0.09053552150726318,-0.24891477823257446,-0.011394146444271058,0.10047483444213867,-0.3653843104839325,-0.04848350545949742,0.1038891077041626,-0.34878820180892944,-0.07920391074008748,0.09831178188323975,-0.2904204726219177,-0.09312731734103963,0.041947394609451294,-0.26063185930252075,-0.01233410982973382,0.04961508512496948,-0.389740526676178,-0.04822886696643636,0.053443849086761475,-0.3596023917198181,-0.07841066977567479,0.05151250958442688,-0.29305416345596313,-0.09158580711669728,-0.002375483512878418,-0.2582662105560303,-0.019038714082906694,-0.0017528235912322998,-0.38364356756210327,-0.0466936748344402,0.005195885896682739,-0.36081817746162415,-0.06756925544328496,0.005957275629043579,-0.29984238743782043,-0.07476312628574178,-0.0485876202583313,-0.24204087257385254,-0.028882348524401635,-0.05054992437362671,-0.33408063650131226,-0.04575081503577039,-0.04070770740509033,-0.33520954847335815,-0.05454600563831136,-0.034671634435653687,-0.30223965644836426,-0.05717544591612622,E
0.0,0.0,0.0,0.07037791609764099,-0.03274911642074585,-0.039087970719485554,0.11181417107582092,-0.10441255569458008,-0.05936957241669205,0.06438392400741577,-0.1491113305091858,-0.08026918859854248,0.010203063488006592,-0.1658792495727539,-0.09896978826895264,0.09404447674751282,-0.24971508979797363,-0.016828565836696896,0.10332825779914856,-0.3643419146537781,-0.05644172148480919,0.09410592913627625,-0.3481897711753845,-0.08914404453411606,0.08510136604309082,-0.2931572496891022,-0.10505144389048127,0.04240584373474121,-0.26026463508605957,-0.015674061120300564,0.04619908332824707,-0.39146268367767334,-0.055102069840579304,0.03709113597869873,-0.3594907522201538,-0.08979884626045731,0.036930084228515625,-0.29702305793762207,-0.1062027895607045,-0.003458470106124878,-0.2576543986797333,-0.020970453486590657,-0.002306342124938965,-0.3735504746437073,-0.05137715952172783,-0.0060471296310424805,-0.35240843892097473,-0.07692379595413712,-0.00457349419593811,-0.29394856095314026,-0.0871377819932988,-0.046840161085128784,-0.23961037397384644,-0.029855013803391728,-0.05163392424583435,-0.3284536302089691,-0.04651200489774254,-0.049806952476501465,-0.32998430728912354,-0.05660783962979821,-0.04509851336479187,-0.2970835864543915,-0.06063966916575936,E
0.0,0.0,0.0,0.0698886513710022,-0.02025759220123291,-0.04006719048065932,0.12791210412979126,-0.07405686378479004,-0.06445969472570212,0.10857570171356201,-0.12381511926651001,-0.08953714947147162,0.05654716491699219,-0.1488046646118164,-0.11235217581434043,0.08404254913330078,-0.2535387873649597,-0.023421194580624416,0.08580172061920166,-0.37303251028060913,-0.06567553262157233,0.08535802364349365,-0.35620296001434326,-0.09962272475404532,0.08141505718231201,-0.2959180772304535,-0.11500065605087073,0.032762736082077026,-0.2611284852027893,-0.022523593333790615,0.03047245740890503,-0.39445042610168457,-0.06137371267123015,0.031534343957901,-0.3595834970474243,-0.09259201417608054,0.03467404842376709,-0.2932782769203186,-0.10668189654989035,-0.0130959153175354,-0.25625503063201904,-0.02786834555609019,-0.01930302381515503,-0.3830527067184448,-0.05674005876226218,-0.014617979526519775,-0.36036813259124756,-0.07621887157602103,-0.010516941547393799,-0.29934561252593994,-0.08308470825595649,-0.059244632720947266,-0.2373904585838318,-0.037241006446311786,-0.06896898150444031,-0.3303224444389343,-0.054621184421012714,-0.061591267585754395,-0.3276202976703644,-0.06201914156718047,-0.05441784858703613,-0.2900083661079407,-0.06359634379787238,E
